gene,spearman_r,pval
TMSB15A,-0.3173353148538042,0.0
LINC01285,-0.3123411518072624,0.0
MFAP2,-0.29608372995354865,0.0
CTAG2,-0.2946421270566689,0.0
LIN28B,-0.2945682496893029,0.0
SFN,-0.29147098274409144,0.0
SERPINE1,-0.279661124298528,0.0
FABP7,-0.2784228314531202,0.0
HGF,-0.27437494392376893,0.0
TDO2,-0.27252822263274373,0.0
RP11-865I6.2,-0.2710636073152215,0.0
DEFB1,-0.2649097775598236,0.0
STMN1,-0.26363974354932235,0.0
CD70,-0.2624848076782481,0.0
IGKV3-15,-0.26153085883761923,0.0
AIM1,-0.2576194342781352,0.0
TPM1,-0.2560250754705302,0.0
PLAU,-0.25481209900985013,0.0
KYNU,-0.25468491227937823,0.0
ARHGAP22,-0.2501824622366712,0.0
CLCA2,-0.2467554212932222,0.0
S100A8,-0.24670827687007796,0.0
CXCL2,-0.24659955610913376,0.0
RP11-206M11.7,-0.24620792024978433,0.0
CLMP,-0.2445836222471922,0.0
DKK3,-0.24390057176610963,0.0
FGF5,-0.2385031803018114,0.0
IGKV4-1,-0.23439316573128596,7.469335784741298e-303
LINC01605,-0.23224961995023197,3.1784075307053116e-297
NNMT,-0.2287764334455495,3.1678713690150524e-288
IGHV6-1,-0.22738102363832144,1.1850676072995691e-284
ADAMTSL1,-0.22709664122897516,6.29419158400187e-284
MLLT11,-0.22560800747376195,3.790382703433511e-280
FLNC,-0.22356185775955756,5.360096832464001e-275
HMGA2,-0.22329614422888286,2.478655178197042e-274
PITX1,-0.22168318564943867,2.585297780749103e-270
PCDH7,-0.2202802603815017,7.6114591574269436e-267
EMILIN1,-0.21870607167356224,5.559845926634828e-263
APOD,-0.21807663034398284,1.9116331031344225e-261
TMEM119,-0.2176001636365794,2.7614183267424395e-260
RGS20,-0.21758362037872692,3.02934501238218e-260
C6orf203,-0.21536422395180027,7.019177719357082e-255
HMGB3,-0.21407606903552617,8.560578298709656e-252
IGKV3-20,-0.21407057792935716,8.822985237299616e-252
HTRA1,-0.21354314978515626,1.5972350494892854e-250
PTN,-0.20762058739060196,1.2428297856586563e-236
TUBB3,-0.2074902647515455,2.4847917323135264e-236
ATG5,-0.20637933265057393,8.949087513639848e-234
COL1A1,-0.2059136693878755,1.0445525920106285e-232
MT2A,-0.2058241178529453,1.6743780321150068e-232
NT5E,-0.2057356780287792,2.6677044172045064e-232
COL6A3,-0.20501505060833164,1.1772670606537725e-230
TYMS,-0.20405168817968,1.8190200795143918e-228
MMP14,-0.20367678227738545,1.2843369656732809e-227
IGF2BP3,-0.20227309747667319,1.8698060953081563e-224
CTSK,-0.20047097436055064,1.9862962352954955e-220
CCDC80,-0.1999573864266369,2.7437738229687375e-219
RP5-884M6.1,-0.19896325285410965,4.331222482952477e-217
MAP1A,-0.1989098619422486,5.679829655414356e-217
RP11-680F8.1,-0.19550968847125172,1.5183532784369965e-209
ADAMTS2,-0.19539514541145186,2.686377106605189e-209
TMC5,-0.19504011309241293,1.5711742506700717e-208
LOXL2,-0.1942978053537497,6.239473574633299e-207
AKR1B10,-0.19341444681280903,4.890397664212211e-205
SNAI2,-0.19337055845101447,6.070331308145374e-205
COL5A1,-0.1915833242978791,3.857363793110947e-201
CYP1B1,-0.19084550586992577,1.3971491563044284e-199
FRZB,-0.18922054537757443,3.5966496717308526e-196
HIST1H1E,-0.1887408857177545,3.603182325897655e-195
OLFML2B,-0.18816021965278254,5.815377745138151e-194
MME,-0.18721339726950248,5.316111970491004e-192
IGKV1-9,-0.18701533308468074,1.3629392370467618e-191
EGLN3,-0.18480390204844122,4.659176401585614e-187
BGN,-0.18441718861866452,2.85247035776819e-186
LINC00704,-0.1843899508381468,3.2402621014876474e-186
TFPI,-0.18383552825339602,4.320261399811035e-185
COL5A2,-0.18283452229885128,4.543664619594431e-183
SPARC,-0.17963686967389483,1.0899715798508384e-176
CSTB,-0.17868153944090542,8.322608259799099e-175
COL6A2,-0.17759529899344415,1.1172334067791044e-172
S100A9,-0.17696022014622415,1.9312629876416313e-171
HIST1H4C,-0.1768811658553388,2.751564920630316e-171
HSD17B2,-0.17668534577382888,6.608160134189144e-171
ADAM12,-0.1751543045631403,6.020709836167e-168
SOD3,-0.17505865591982098,9.19673442380895e-168
PCOLCE,-0.1745848992200717,7.470714023999168e-167
COL5A3,-0.17408233507975351,6.847801588734177e-166
LGALS1,-0.1736797081997431,4.020531840536158e-165
DBI,-0.1726778037887169,3.228704812338481e-163
RGS4,-0.17153113233916578,4.728016287055381e-161
NEFL,-0.1705878362014713,2.7847411132510474e-159
CSPG4,-0.17028227469944238,1.037436636312383e-158
CXCL3,-0.17022625599517408,1.3199522626404855e-158
KRT6A,-0.1698619906196551,6.30692639966431e-158
SEPP1,-0.16828936058819158,5.184684619327906e-155
NTM,-0.16817297123097516,8.49796710268422e-155
TMEFF2,-0.16750304416751968,1.4502615096782183e-153
LRRC17,-0.1658478801731876,1.525440152851513e-150
DSG1,-0.1656577968920507,3.3761286924533547e-150
COL6A1,-0.16539242578623012,1.0218850835836035e-149
IL20RB,-0.16530102263906485,1.495827443168529e-149
THY1,-0.16419327969610562,1.4884058098890352e-147
IGKV3-11,-0.16370290988937686,1.1287562224485897e-146
IGHV1-46,-0.1634953321979898,2.6559886896877692e-146
RRM2,-0.16344174424550856,3.3119525691866736e-146
SCD,-0.1624955814104592,1.6111414689404893e-144
LBP,-0.16147172668932439,1.0498193448551686e-142
CLEC3A,-0.16070676139510937,2.3364493317109578e-141
LINC00578,-0.1606770874278895,2.634450025750655e-141
FOXS1,-0.1604620879922249,6.282265240878753e-141
COL18A1,-0.16026750614202434,1.377979305054909e-140
AKR1C2,-0.160143426721224,2.272702924728939e-140
MEG3,-0.1589490985780698,2.7487644601125556e-138
IGLV1-40,-0.15850944280838283,1.5909805023741937e-137
PHLDA2,-0.15833722754681262,3.16043549798886e-137
CA9,-0.15569708580179936,1.0641564440237497e-132
PCSK1N,-0.155393777732501,3.483444881914113e-132
FTL,-0.15509916773128526,1.0996075456528793e-131
FBN1,-0.1548361637717576,3.0624684829511276e-131
AKAP12,-0.1540562348430661,6.317857499523285e-130
AFP,-0.1533795097508046,8.619979373603903e-129
SDC1,-0.1526177855260036,1.6097221847408942e-127
CD68,-0.1500119297261034,3.204287532167813e-123
TSPAN8,-0.14871734819766724,4.099744510875686e-121
PCSK1,-0.14856403001739024,7.261616061355737e-121
NOL4,-0.1474458998273765,4.609139770142351e-119
NID2,-0.1474265789554432,4.9504344515699357e-119
OLFML3,-0.14697222566494914,2.648358974037234e-118
PAPPA,-0.14676983856309705,5.580237851811466e-118
CPS1,-0.14617044476772112,5.041226970610976e-117
PDGFRB,-0.14566466219552401,3.20604060927984e-116
FAP,-0.14529548519920024,1.2319041378689975e-115
MUCL1,-0.14507479490373149,2.7498772230532187e-115
S100A7,-0.14466534785030563,1.2158095171283378e-114
SLCO1A2,-0.14444566187742652,2.694329897298607e-114
CENPW,-0.14432060323741122,4.235798247374274e-114
LGALS12,-0.1440254367210348,1.2302176656207237e-113
NRN1,-0.14347103595290162,9.058271313718684e-113
TFF3,-0.14264834430470105,1.7270675900390937e-111
POPDC3,-0.14200695077561565,1.698791486563218e-110
ANLN,-0.14173554122782359,4.455178538637635e-110
FOXC2,-0.1415837526095831,7.632718896483667e-110
IGKV3D-11,-0.14033512019164,6.254747892129339e-108
SLC14A1,-0.1394030007296618,1.6339406329501718e-106
MYL9,-0.13925768565528482,2.7118520223701563e-106
MT1E,-0.13863149427622998,2.391663026814147e-105
IGFBP4,-0.137675671433407,6.506020341416193e-104
DSC2,-0.13761051894272983,8.141987033535307e-104
CYR61,-0.13721923371786648,3.1244296214604787e-103
S100A16,-0.1371480520129012,3.988716117284676e-103
GCHFR,-0.13703999050726784,5.777480573648342e-103
COPZ2,-0.13675539546459908,1.5306565998254222e-102
IGKV1-8,-0.1364141825148365,4.909062038616834e-102
NDUFA4L2,-0.1360062859003682,1.9693199731835993e-101
HMOX1,-0.13525476027307076,2.5177124585228085e-100
DIO2,-0.13522826497579965,2.753640674825881e-100
ACTA2,-0.13461867081843362,2.1515773481401208e-99
IGHV4-39,-0.13455745296651725,2.6435669125797302e-99
SLC7A11,-0.1340579054080494,1.4138762879604076e-98
CDKN3,-0.13404023586939917,1.5000930114604436e-98
CXCL1,-0.13183581634456715,2.2689808091406605e-95
MMP19,-0.13149556165710377,6.946726406192981e-95
CFH,-0.1307814374527466,7.202440101804297e-94
PDPN,-0.13065147502771782,1.1008103116609603e-93
IGHV3-21,-0.13045637354411535,2.0793677547425896e-93
IGFBP6,-0.1304048625560145,2.4591672973418583e-93
RP11-114M1.1,-0.12965616709374364,2.795070931690207e-92
SERPINB3,-0.12870997915236082,5.908790033007093e-91
RP11-283G6.5,-0.1281141032901042,3.989139798282639e-90
CSTA,-0.1269066712039135,1.8592264401928485e-88
NREP,-0.12672922739893078,3.2595596555138705e-88
DCBLD2,-0.12640426161741952,9.094682904186594e-88
LHFP,-0.12615859596611045,1.9719274453795204e-87
CH17-224D4.2,-0.1257231975137352,7.743263808436271e-87
MKI67,-0.1256834718703935,8.770381423609567e-87
MFAP4,-0.1255322337075732,1.4086363983885409e-86
IGHV1-2,-0.12466269423011757,2.123204228312969e-85
KRT17,-0.12444814988867828,4.134264460350984e-85
SPRR1B,-0.12421795161956745,8.440184768595293e-85
CTSB,-0.12402968330034476,1.5115090473135285e-84
IL13RA2,-0.12303563887978,3.2286216913041654e-83
LYNX1,-0.11989540731835081,4.337903807920776e-79
PXDNL,-0.11919732021922129,3.4686788354299596e-78
DIRAS3,-0.1191942449998113,3.500495697595165e-78
FGA,-0.1187771172281551,1.2051490159404695e-77
SERPINB4,-0.11855865481648623,2.2986301967231982e-77
MT1X,-0.11841131968195043,3.550561994210417e-77
IGHV1-3,-0.11700351717727284,2.2002029408920615e-75
S100A12,-0.11589564957303276,5.462661146567708e-74
CRABP1,-0.11542387570476902,2.1247645171338737e-73
HSPG2,-0.11512854833112089,4.9583615578843374e-73
TPX2,-0.112850652924652,3.174336855498315e-70
LINC00473,-0.11264479763801154,5.6551523524132504e-70
FSTL1,-0.11192684225687102,4.2021294255031054e-69
APOE,-0.11178639760917812,6.211457328056004e-69
GAL3ST4,-0.11142140345458221,1.7110595786366496e-68
TAGLN,-0.11139166177671227,1.8580607988020753e-68
TESC,-0.11125821881065501,2.688696408385955e-68
PLPP4,-0.11060697816505459,1.6215447514443726e-67
FAM111B,-0.1105224444530248,2.0458996277380525e-67
PTTG1,-0.11045059541722768,2.4924651777550464e-67
HTRA3,-0.11034464637367389,3.333997833612376e-67
ARC,-0.10953116729135327,3.0822372072756445e-66
RBP5,-0.10919776205588395,7.63203117539033e-66
PEG10,-0.10894212235092479,1.5266540379185743e-65
SLC9A3R1,-0.10892424779583261,1.6023854419380064e-65
VGLL3,-0.10887436137716809,1.8341348888699633e-65
ITGBL1,-0.10867244919916814,3.166591801913854e-65
SULF1,-0.10848225223720664,5.291550735125698e-65
CH17-262H11.1,-0.10805156862782275,1.6867754144473972e-64
TBX2,-0.10717086044490695,1.7794132766639792e-63
LOXL1,-0.10678979156869531,4.901965918596066e-63
PRC1,-0.10643490597141789,1.2554301319272008e-62
MYLK,-0.1058836606139488,5.375986355500355e-62
SDPR,-0.10496057522422127,6.0360507230493396e-61
COL9A1,-0.10401039947004662,7.11414367912269e-60
ANTXR1,-0.10214632941823781,8.41871831571246e-58
DLGAP5,-0.10172458488251203,2.4491603866438184e-57
UBE2T,-0.10160407113043467,3.320343334668399e-57
ACTR3B,-0.1000379792039435,1.6759686288171163e-55
CP,-0.09950741688804281,6.239714483404174e-55
IGLV2-23,-0.09899809230703047,2.189380347968338e-54
GEM,-0.09776099229838385,4.494389946380745e-53
PSORS1C2,-0.09773653511699995,4.769220426833555e-53
ACTG2,-0.09746544994484055,9.198584189458856e-53
SPRR3,-0.09735459964178651,1.2026587577658333e-52
GPC1,-0.09691399324365754,3.479918693496628e-52
KIF1A,-0.09658832096303012,7.608012971328632e-52
RAET1G,-0.09643276175581149,1.1043944401947202e-51
FIBIN,-0.09606119647564536,2.683219344223228e-51
BAG3,-0.0955685688718785,8.659314782896704e-51
SPINK5,-0.09554653360762996,9.123924522474184e-51
EDN1,-0.0952435469927245,1.8695937238030149e-50
FILIP1L,-0.09389327999468941,4.447371642922555e-49
PKMYT1,-0.09311301912157474,2.7189566379798505e-48
CXCL8,-0.09276862787611563,6.01663911720488e-48
IL11,-0.09235106220356083,1.5698960187056996e-47
RP1-90K10.4,-0.09200207325727645,3.4876310005674126e-47
ZNF350-AS1,-0.0917606113546073,6.047929629735901e-47
COL1A2,-0.09173506480939672,6.410085738834415e-47
HIST1H3B,-0.09171391860830784,6.726127547445023e-47
COL22A1,-0.09116962408810289,2.312514624176791e-46
PCOLCE2,-0.09113427735287799,2.50496766847916e-46
SMOC1,-0.09112208190858301,2.5750008069305427e-46
MSX1,-0.09105213701170053,3.0159780338792524e-46
CKS1B,-0.0903809654752428,1.3661027639566891e-45
FZD10,-0.09008945877860151,2.6236296708736267e-45
IGKV1-27,-0.08980437948136706,4.9565706356808405e-45
IGLV4-69,-0.08976705415496054,5.3862825326990274e-45
HIST1H1D,-0.08951907751737806,9.349612379576834e-45
CXCL14,-0.08946093775286898,1.0637768622434872e-44
EDN3,-0.08877747911662741,4.820339671792154e-44
AP000769.1,-0.08867474569446095,6.043383166100282e-44
MAP1B,-0.08856779617182776,7.645242774810317e-44
TMPRSS4,-0.0883563270249672,1.215986763906983e-43
RSPO3,-0.08784971026139192,3.679443672911183e-43
WNT6,-0.0873765499569595,1.0288928971225814e-42
MAPK4,-0.08714039847929742,1.7153502545001796e-42
MYEOV,-0.08688382673954936,2.9843263546571966e-42
HIST1H1B,-0.08672150669519822,4.232787985618002e-42
CENPA,-0.0867160843664183,4.2824454319244786e-42
PRRX1,-0.08662910937556434,5.162937911925767e-42
PLOD2,-0.08639710525376086,8.493945482237727e-42
FAM83A,-0.08615426843075635,1.428215092336526e-41
CREG2,-0.08575288108051478,3.360706281361466e-41
DPYSL3,-0.0856986482746896,3.7714648033036064e-41
KRT19,-0.08558665657242552,4.784366657753767e-41
KCNMA1,-0.08554136822936957,5.267023637433036e-41
BAALC,-0.0852442701512665,9.881914128175088e-41
FN1,-0.08471921978095395,2.9885317495463885e-40
RRAD,-0.08470158351992957,3.101343714234916e-40
INSL4,-0.08461065324485345,3.753746651256977e-40
COL4A2,-0.08448763823087056,4.85841236472593e-40
CEP55,-0.0842526848551717,7.94348917842663e-40
IGKV1-17,-0.08405648475739136,1.1963374602067277e-39
IGHV3-48,-0.08350992436537762,3.724618531720544e-39
TM4SF1,-0.08310011884094579,8.685262562992998e-39
F3,-0.08306769882266736,9.285272641275577e-39
IGLV1-44,-0.08266714941145278,2.1149410832230993e-38
HAS2,-0.08262122212948744,2.3236955169975184e-38
UGT1A6,-0.08248213127825363,3.089216588131189e-38
COL4A1,-0.08216657213972728,5.883634426861941e-38
IGF2,-0.08207195996129894,7.133887074026592e-38
ECEL1,-0.08206018717823269,7.306880624195524e-38
CACNA1B,-0.0814660169831831,2.4376302850101e-37
CNN1,-0.08012979811809762,3.546137741684101e-36
LAMA4,-0.07996828048380121,4.886587467446962e-36
CD24,-0.07937913349189193,1.5651201457703883e-35
S100A6,-0.07933189511468089,1.717594371758349e-35
SLAMF9,-0.07898860844810618,3.369716127863798e-35
PERP,-0.07887163455867362,4.236729672548587e-35
CAPG,-0.07876669358788935,5.201323179279543e-35
DSCAM-AS1,-0.07854501414438214,8.015026657394251e-35
AC003092.1,-0.07845219087517968,9.602429500879483e-35
CARMN,-0.07832987025039069,1.2180181740277161e-34
PIF1,-0.07762052437263804,4.801360586800807e-34
CCDC102B,-0.07752296582074786,5.792562210964507e-34
CTSZ,-0.07706350223740054,1.3975200552699746e-33
CENPF,-0.07673829409751631,2.598424333766935e-33
RP1-276N6.2,-0.07663202970513001,3.1803615507315276e-33
NUSAP1,-0.07639808314382451,4.9575934703023975e-33
IGHV3-73,-0.07635400192770056,5.3892977553267815e-33
CTA-392C11.1,-0.07630997575777096,5.857702538219523e-33
AC233755.2,-0.07593164813008954,1.1964707942755706e-32
IGHV3-23,-0.07589204190731509,1.28909405211686e-32
ABI3BP,-0.07573664348318665,1.726542599345851e-32
ENPP2,-0.07550329067892635,2.674467094952791e-32
IGKV1D-39,-0.07512710615837774,5.400054736193696e-32
KRT4,-0.07511937306439882,5.4784196998367e-32
SRPX,-0.07454120911564033,1.6019550402404081e-31
CASP14,-0.07438394350606527,2.1418248676743534e-31
CTGF,-0.07437651773325148,2.1713666977787884e-31
RP11-369C8.1,-0.07437379954319684,2.1822812639223483e-31
RP11-235G24.1,-0.07385280854133347,5.686089529156143e-31
SCG2,-0.07373570625624191,7.045218235283137e-31
TSPAN7,-0.07341417504580372,1.2668121008454463e-30
SNCG,-0.07301762323844986,2.6028967586614274e-30
RASSF4,-0.07291933802023251,3.1096370960623252e-30
APOC1,-0.0729109390470454,3.1572323577087015e-30
SLC26A9,-0.07271299361973388,4.5139888428916e-30
CCNA2,-0.0723781111814205,8.246333097735903e-30
AKR1C1,-0.0716575970540995,2.9870575965513734e-29
NOTCH3,-0.07134471587535039,5.202920521890646e-29
CALCRL,-0.07129844808324831,5.646728770613762e-29
SERPINF1,-0.07013455795648192,4.350343323212597e-28
KRT6C,-0.06982333780860542,7.467454754041337e-28
AK5,-0.06981547901909957,7.569800375040907e-28
KIT,-0.0696545645816231,9.999723907678063e-28
LINC01419,-0.06942034372930259,1.4978738111452803e-27
RBP4,-0.0690442229511541,2.857924475507353e-27
ALPL,-0.06888826565543048,3.73204166824194e-27
ANGPTL4,-0.06881313365201987,4.243127187702668e-27
IER5,-0.06878408616028851,4.458819166371582e-27
IGHV3-74,-0.06871639955140757,5.004526820061981e-27
IGHV1-18,-0.06864739038190555,5.629054986387139e-27
SGIP1,-0.06846255057908598,7.70870071622617e-27
COL3A1,-0.068322995748064,9.768584175581135e-27
BPIFB4,-0.06829780928425358,1.0194632861166849e-26
RP11-362F19.1,-0.06789441816098248,2.0155179206959868e-26
BASP1,-0.06771267113766637,2.7364468024632743e-26
GPR87,-0.067601891764407,3.295785283558162e-26
ACKR4,-0.06734993542325833,5.025482770584319e-26
CCL28,-0.06718427501969897,6.626341040326365e-26
CRYM,-0.06699118518904808,9.138704415230799e-26
CHI3L2,-0.06697324885488598,9.415275122800904e-26
IGHV4-61,-0.06665977141048283,1.583360533632852e-25
HPGD,-0.06654694269793186,1.9079852148532348e-25
ABCC9,-0.06635644993552363,2.612242153423485e-25
HMMR,-0.06632094820001896,2.7694805580546036e-25
COL14A1,-0.06579525281980732,6.557101744504581e-25
MIR503HG,-0.06544090873398774,1.1677565664360117e-24
PRR27,-0.06536625249824998,1.3182215267740263e-24
CHAC1,-0.06457435594563044,4.727696288275631e-24
UBD,-0.06453633013089222,5.024759322476963e-24
ALDH1A3,-0.06444191656865877,5.8446663270362134e-24
CSRP2,-0.0643769528152711,6.484446297177438e-24
IFNL1,-0.06354069467813461,2.446702625764317e-23
PRSS2,-0.0632641447293587,3.781440583433314e-23
RCAN1,-0.0632091566494041,4.122448416830916e-23
WISP2,-0.06314448622350784,4.56262317583029e-23
TGFBI,-0.06294339730156029,6.250716797581765e-23
TNC,-0.06277433410889263,8.138381942630333e-23
IGHV3-7,-0.06264021586766652,1.0028601916322274e-22
RPL22L1,-0.062296394158604926,1.709569582904897e-22
ELN,-0.06213289683841738,2.2008963229075204e-22
ITGA1,-0.061815047687662106,3.5898256237773397e-22
GALNTL6,-0.06123885939521381,8.659583706825047e-22
NQO1,-0.06089221238867483,1.4651031967205923e-21
TMEM45A,-0.060780081884494255,1.7356656101340557e-21
RCN3,-0.060694350411226325,1.9753606495312917e-21
BIRC5,-0.060414885383512494,3.00772714851576e-21
TM4SF19,-0.060286949578795726,3.643758864616787e-21
ALDH1A1,-0.060256727022469314,3.812457289544541e-21
LRRC10B,-0.059631664576141254,9.672490109268005e-21
RP11-554I8.2,-0.059561324770934565,1.0734425143947727e-20
C1QL2,-0.05881953750123103,3.1964806024295807e-20
DDC,-0.05858348820804273,4.510723685041887e-20
RHOV,-0.05802496884921737,1.0134396342397558e-19
LINC00393,-0.057757187349914786,1.4899568600506542e-19
IGHV3-43,-0.057741247377738336,1.524448990230232e-19
C2CD4B,-0.0570712855722074,3.966622463663603e-19
IL6,-0.057034618594568535,4.17842986249125e-19
PLPP1,-0.056440790444937515,9.658546407229991e-19
SLAMF8,-0.0564069687111555,1.012803381572995e-18
CCL26,-0.056364062444030145,1.0756173818839108e-18
FAM72B,-0.05621202534973371,1.3307636722795332e-18
IFNL2,-0.0556151942247509,3.052262156872499e-18
NUF2,-0.05559762647623724,3.127350420169041e-18
EDN2,-0.055584216402712966,3.18589255586914e-18
ZWINT,-0.055351096089763116,4.394879797703881e-18
PF4,-0.05521747382798028,5.2816667757605786e-18
MMP2,-0.05501184207022893,7.00233176778945e-18
ASPM,-0.05497909588349461,7.323261331579572e-18
TIMP2,-0.0549413843610885,7.710868902871519e-18
GJC1,-0.05474736589895131,1.0048529189858588e-17
ZP2,-0.05433420959202074,1.7605998543509625e-17
MPZ,-0.05398402203151533,2.822815569238859e-17
PLK1,-0.053875942830692455,3.26359751226945e-17
SQLE,-0.053844104685530594,3.4059306335720073e-17
RP11-527N12.2,-0.05374835695870057,3.871904008397548e-17
SCGN,-0.05369687642863023,4.147883553462975e-17
CFHR1,-0.05331508373982167,6.89781496247825e-17
IGHV2-5,-0.0533075631891332,6.967019638758995e-17
DNASE1L3,-0.052958154139859,1.1061565848071518e-16
FMO2,-0.05253151863009564,1.9373523440377741e-16
FMO1,-0.05225325437730729,2.7855988165854165e-16
PRSS35,-0.05155437177221091,6.877155124000759e-16
F13A1,-0.05146595330272948,7.703647476965429e-16
LINC00520,-0.051272788901625975,9.864739975837994e-16
SSX1,-0.05073217140214958,1.9613031480015214e-15
CX3CL1,-0.050445080200874244,2.816983495805134e-15
PBK,-0.05007472688646703,4.480648574155706e-15
IGHV3-64,-0.04997460352882622,5.076707500270138e-15
FAM150B,-0.04994563982429277,5.26324189481693e-15
ACTL8,-0.04993110047744647,5.3594064498647615e-15
GTSE1,-0.04980428562201675,6.274914303569564e-15
IGHV3-30,-0.04932875950702195,1.1295932657178937e-14
TNNT3,-0.04920011447994989,1.3230697850532411e-14
PF4V1,-0.04908159490521931,1.5299763852866744e-14
KCNE4,-0.04873695650201719,2.3298862658573407e-14
PLXDC1,-0.04838058228833185,3.5882880800819475e-14
IGLV3-21,-0.04807928577512108,5.1571434117633924e-14
DAB2,-0.04785202529528151,6.770038453200032e-14
CENPE,-0.04778166980140541,7.363218467964644e-14
CCNB2,-0.04764461909624784,8.669086668810987e-14
CYP2B6,-0.047478010301669954,1.0565862339866221e-13
CTC-573N18.1,-0.04745938205794114,1.0801762914094502e-13
TNFSF15,-0.047233477997606035,1.4109045193006623e-13
IGKV2-30,-0.04699306939510451,1.8722271512700474e-13
BBOX1,-0.04680026725976844,2.3466617196472694e-13
SLCO2A1,-0.04658878771050987,3.0032742354353565e-13
HSPH1,-0.04646430088685635,3.4709249114774423e-13
CXCL6,-0.046345536442393795,3.983404131703832e-13
TMIGD3,-0.04625961214784585,4.399799346071273e-13
IL1B,-0.04617952965524997,4.826205742792717e-13
IGKV1-5,-0.046042454550687215,5.652131720240857e-13
GS1-600G8.5,-0.04594572611706551,6.316931492845643e-13
SPANXN1,-0.04591521843332841,6.542103589028482e-13
RP11-338I21.1,-0.04589385068150688,6.704488216781568e-13
IGKV1-39,-0.0458523324936974,7.031398423384169e-13
CES1,-0.04584750551615828,7.070406246041176e-13
DERL3,-0.045567234703884574,9.739371917894337e-13
KRT79,-0.04546614772288685,1.0926812738631367e-12
GBP1,-0.04534174523510548,1.2584395864736385e-12
ID3,-0.04526993013639082,1.3651112081929696e-12
IGFBP5,-0.04522949068708169,1.4290317180719284e-12
BPIFA2,-0.04497196482761542,1.9107282309179175e-12
IGKV2D-29,-0.04487528589188291,2.1300028937430747e-12
CKB,-0.04471325137963224,2.55408946485042e-12
IL20,-0.044487411625683364,3.2861205671525897e-12
RP11-371A19.2,-0.044364384826293964,3.767730839173064e-12
CREB3L1,-0.04415908444900869,4.729806795216637e-12
SUGCT,-0.0441003315869607,5.04691638950901e-12
ADAMTS4,-0.04408565845908083,5.1293093812686264e-12
LINC01133,-0.04407777921715794,5.1740957170505406e-12
SLC18A2,-0.04400591632461904,5.600664246461471e-12
PDZK1,-0.043986106880136225,5.724189160808016e-12
CLU,-0.043966571855277616,5.848616338026252e-12
SLC34A2,-0.04367321958110748,8.068914335116686e-12
CDK1,-0.04366898355601771,8.106374472302973e-12
TOP2A,-0.04360846661233034,8.660515196154016e-12
MIR155HG,-0.04355077943919914,9.223212454441168e-12
IGKV1D-13,-0.043327281561863024,1.1761704830688406e-11
FCGR2A,-0.04331078723019774,1.1974075780422188e-11
SERPINB13,-0.04300683197999431,1.663211675855603e-11
IGLV1-47,-0.042942359913507436,1.782757644348596e-11
IGLV3-1,-0.04275799208364309,2.1729787038993755e-11
CDCA8,-0.042718346225244536,2.267222577441574e-11
MRC1,-0.04226851478605923,3.660581929618246e-11
KCNE5,-0.042029060465372435,4.714523765135191e-11
IFNL3,-0.042008432721772626,4.8181019379572564e-11
LINC00707,-0.04182494181435608,5.84299486402411e-11
MESP1,-0.04173774391054218,6.402002242262711e-11
RP11-394O4.5,-0.041681212454150525,6.79201308145576e-11
TF,-0.041636327090186796,7.118138968949777e-11
RP11-706C16.7,-0.04131815759202211,9.91151124810835e-11
CYP4Z1,-0.041299933529541685,1.010049892028957e-10
FAM26F,-0.04092956037103773,1.4801333163447695e-10
TFAP2D,-0.04082582004480856,1.6463715688908932e-10
IL1A,-0.040751584329321765,1.7763904728062603e-10
IGKV6-21,-0.04063505713061383,2.0009610361163166e-10
LZTS1,-0.04015159138998852,3.2675619342571e-10
SLIT3,-0.04009891776990738,3.445727936554586e-10
SOX14,-0.04004735378638017,3.6293121906049417e-10
C5orf66-AS1,-0.039973848779330336,3.907617734207959e-10
TRBV12-4,-0.03995019491665915,4.0015281861097604e-10
IGFL2,-0.039902269709927135,4.1986030525139565e-10
MUC4,-0.03983110517120879,4.5088299209390037e-10
RP11-473L15.3,-0.039361830129477096,7.192671742442988e-10
PLAC9,-0.039234095340256965,8.160196665612755e-10
IGKV1-12,-0.039123275460612464,9.10154081426799e-10
IGLV5-45,-0.0390881005710414,9.421882855555388e-10
CTC-321K16.1,-0.038948412481462066,1.0806109681707277e-09
ARTN,-0.038679718425016885,1.4047782557824264e-09
GSTM3,-0.038641917223892756,1.4573932642286537e-09
IL17B,-0.03855062480216767,1.592507370949028e-09
HJURP,-0.03833000784365008,1.971391806333023e-09
MDK,-0.038266091421482386,2.0966812364208445e-09
KCNJ18,-0.0382657675311821,2.097335467516616e-09
CDCA3,-0.03796709266802544,2.793486920200292e-09
KLF2,-0.03791700511268417,2.930424951202935e-09
SPRR2D,-0.03789019179117016,3.0063955331966192e-09
SERPINA1,-0.03750338448665181,4.340746329241425e-09
PSTK,-0.03746972201374187,4.480979985367687e-09
GBP5,-0.03738772966188856,4.8412499176493116e-09
TFF1,-0.03729657102937404,5.2749018066563276e-09
UBE2C,-0.03716779875839801,5.9524624454408595e-09
TREM1,-0.03705998245704968,6.58423604522077e-09
KCTD12,-0.03705843236593145,6.593778503564496e-09
ITGAX,-0.037046539018821364,6.667443543239714e-09
GDF10,-0.036898337147341725,7.655255008938246e-09
FBLN1,-0.03686992001731052,7.860286471563206e-09
PAGE2B,-0.03683957196474087,8.085144348996727e-09
HIF1A-AS2,-0.03675328902708297,8.759147991853297e-09
SDCBP2,-0.03667999395200911,9.374339782820824e-09
IGKV3D-20,-0.036497870786627154,1.1090409321687505e-08
EBI3,-0.036267126805518246,1.3707224334886533e-08
DNER,-0.036119754356320616,1.568267043733972e-08
RP1-32I10.10,-0.03609456256138515,1.6046944460120387e-08
TRBV27,-0.03580765461406297,2.0820993162639226e-08
NMB,-0.03572657252277968,2.2403291127554998e-08
DCDC2,-0.03572359835534316,2.246349663278132e-08
GSTA3,-0.0356615925464719,2.3755035159763392e-08
PDLIM4,-0.03565769114066425,2.3838665193491162e-08
CD209,-0.03510480410929081,3.9082014170142783e-08
MTRNR2L8,-0.03482609729884317,5.0003521390863246e-08
LOX,-0.034541706944980266,6.417652776943536e-08
PPP1R1A,-0.03443994758118488,7.013761842499218e-08
CEMIP,-0.0344013022284821,7.253915939141127e-08
RP11-400N13.3,-0.0343093237207055,7.857970682348073e-08
IER5L,-0.03418080390506386,8.784198673596467e-08
IGHV1-12,-0.03415506908248006,8.981968994040589e-08
CCL15,-0.03414130400847163,9.089515122526193e-08
GLT8D2,-0.033905954264035046,1.1133132039058755e-07
LYVE1,-0.03374264479255194,1.2805504955236044e-07
MXRA7,-0.033540102284530464,1.5219274014880553e-07
FGG,-0.03350869846993718,1.5630903612247607e-07
PCSK5,-0.03345500938435817,1.635970159579301e-07
SEPT4,-0.03341933293996413,1.686204378075673e-07
ADIRF,-0.03336977156816058,1.7584707206944929e-07
IGLV2-14,-0.0330690228340366,2.2655979847812436e-07
CALD1,-0.033028518692165255,2.3438636307380085e-07
SLC5A11,-0.032795230470247634,2.848088745996627e-07
TK1,-0.032756470584038196,2.941429749513273e-07
PPBP,-0.03267290514654096,3.1528262713775773e-07
SCEL,-0.032666090415901045,3.170698092459848e-07
CCL20,-0.03263698930984829,3.2481232351205695e-07
IGHV3-62,-0.03241138925667148,3.913461406321476e-07
TNFSF13B,-0.03237332034719427,4.0379925355167716e-07
TRPA1,-0.03227733583591425,4.369185419026462e-07
NDRG1,-0.03209553089900644,5.069725291320942e-07
ESAM,-0.03208211768506943,5.125494706446792e-07
C2,-0.03202491756196886,5.37003282792989e-07
TTYH1,-0.03199008566694653,5.524413836907767e-07
SOX18,-0.03198366230914372,5.553346743607861e-07
ORM1,-0.03188080392096102,6.037040392622079e-07
AVPI1,-0.031717437990261166,6.889771223651896e-07
CRCT1,-0.031715775965267735,6.899016076393213e-07
CALCA,-0.03152753327931451,8.027143432089494e-07
PDGFRL,-0.03151482095020284,8.109417608868698e-07
BPIFB3,-0.03131138684792799,9.541883775477897e-07
SLC7A7,-0.031071370252381422,1.1546058005424818e-06
SPRR2A,-0.03106876046901239,1.1569931343799415e-06
CALCB,-0.030844562066465013,1.380802065887325e-06
PDYN,-0.030770316146284407,1.4636956143040169e-06
BAMBI,-0.030767805415211298,1.466580779595382e-06
MMP11,-0.030645281379562295,1.61421683805054e-06
TPM2,-0.030597715911026137,1.6752962189764561e-06
PRSS56,-0.030548396263483706,1.7409712883998918e-06
DEPDC1,-0.030499131111507895,1.8090399954282885e-06
CSF3,-0.030119343532883553,2.4267014704808293e-06
TRAV8-6,-0.030115179647826895,2.434483050345262e-06
PCK1,-0.02991664624407462,2.834615009362782e-06
IL24,-0.029880471329765197,2.914018285977686e-06
GRP,-0.029850954519714912,2.9803838230069556e-06
OGN,-0.02984057033283905,3.00407453427411e-06
RNF39,-0.029840190525983436,3.004944449369598e-06
S100A7A,-0.029812895134706485,3.0680989076932917e-06
KCNJ6,-0.029811951125412014,3.0703057195944564e-06
RP4-781K5.4,-0.029656030298888233,3.4564677890940882e-06
IGLV2-5,-0.029156508492880907,5.03250703045567e-06
CH17-373J23.1,-0.029073844773249872,5.3522547701639725e-06
ITGA11,-0.02906016073494428,5.407027396147534e-06
AC098973.2,-0.029008130547348746,5.620226446192454e-06
NUAK1,-0.028999808104529002,5.655066382633651e-06
IGLV3-25,-0.0289710042118247,5.777249879138885e-06
SUCNR1,-0.02896747745036398,5.792382552603162e-06
IGKV3-7,-0.02868891255170505,7.115235466711188e-06
IGLV3-10,-0.02862130538058999,7.477390628080697e-06
PDLIM3,-0.028594489794556272,7.625861837119947e-06
SPRR1A,-0.02857933136003049,7.711032977457563e-06
IGSF1,-0.02831217149398507,9.370016739570455e-06
AQP4,-0.02830378362925407,9.427261295894753e-06
FOXP3,-0.02814586985751141,1.0569403345971584e-05
FST,-0.02809495429352132,1.0965017979956197e-05
IGFL1,-0.02791512646410278,1.2478488669533507e-05
OLFM4,-0.027854525449334092,1.3031986386970714e-05
TRAV19,-0.02759901848556153,1.5633911368061802e-05
KRT7,-0.02755463672785024,1.6133622810630762e-05
RP11-106E15.1,-0.027544265442469414,1.6252572394841987e-05
CXCL5,-0.027476294109445125,1.7053083029773592e-05
ECSCR.1,-0.02744913786698353,1.7383295431885308e-05
C11orf96,-0.027196857108832795,2.0756314082366644e-05
IGKV3D-15,-0.027195447393672616,2.077680560208164e-05
C2orf54,-0.02713608992367608,2.165731346586018e-05
FSIP1,-0.027062558143869417,2.2797383874312283e-05
SFTPC,-0.026901739618233958,2.5493027963692917e-05
STAC2,-0.0268688942115896,2.6079664853317913e-05
GBP6,-0.02677054758595693,2.7913926949977352e-05
HILPDA,-0.02669289565023731,2.9448192852925835e-05
SLC6A4,-0.026619448916856508,3.097286450646769e-05
IGHV3-20,-0.026595853444129004,3.1478395791183586e-05
FOLR2,-0.026520636481104594,3.314275758260151e-05
CSF2,-0.026492903504958816,3.377724998259268e-05
IGKV1D-8,-0.026398241664166166,3.603099639607917e-05
EGFL7,-0.02638636136356592,3.6323728522556434e-05
STARD3,-0.026337568416089134,3.7549842552802696e-05
C3AR1,-0.025837235626464786,5.260801599134764e-05
CYP26A1,-0.02579330563588836,5.417367632015091e-05
NCF2,-0.02576292026514532,5.52823246015724e-05
TRBV10-3,-0.025756608012181468,5.5515315483467705e-05
FURIN,-0.025670287217239143,5.879629858085246e-05
PTGS2,-0.025549762532782,6.368565738398533e-05
DIO3,-0.025388606418750344,7.08268637065124e-05
LINC00162,-0.025324190264520242,7.388793460864413e-05
FEN1,-0.024980848255806896,9.242846399031419e-05
VEGFC,-0.024770069326030583,0.00010590212550090302
RAD21,-0.024752723769442018,0.00010708978138551859
CD36,-0.024630143918251125,0.00011584806912775058
OLFML2A,-0.02459517353357585,0.00011846792902763554
TRBV7-3,-0.02425322637491335,0.00014720214633503876
FGB,-0.024250290014804277,0.00014747516932138574
MORN5,-0.024242038587769556,0.0001482449421598355
HSPA6,-0.024150171272486597,0.00015707462149924583
ID4,-0.024117890537876132,0.00016029304835599972
ASCL1,-0.024007761628003547,0.00017174616172063685
DCSTAMP,-0.02396673394135667,0.00017620639583224164
CH17-224D4.1,-0.02391219450696281,0.00018230431747265021
PTGDS,-0.023910839437839906,0.00018245832068838926
NKX3-2,-0.02388575927475796,0.00018533084766519207
GALNT1,-0.023872092017129417,0.0001869140513657802
CYS1,-0.02357049523545341,0.00022525942898272627
IGLV1-36,-0.0235058329400658,0.0002343897559074967
HEY1,-0.023443037632785636,0.00024358788154518155
CLDN3,-0.023320051866925047,0.00026259176745298057
CLEC5A,-0.023267885819051645,0.00027106506600746536
KRTAP2-3,-0.023254892719969656,0.00027321503470315825
TRAV12-2,-0.023122817239714644,0.00029599526853588094
CYP27A1,-0.023109707631487984,0.0002983509370145764
CYP26B1,-0.02308887910382091,0.0003021297579816387
FGF19,-0.022991339920952956,0.00032042978184034003
KRT81,-0.022958171944357897,0.0003268854947302866
TRBV30,-0.022928222191432705,0.00033281920304789755
LINC01537,-0.02278036427763568,0.0003636188962348082
DACT1,-0.02267196172731259,0.00038787133960359863
LRRC15,-0.022562498260738414,0.00041388858191673995
SLC1A6,-0.022540616774318564,0.0004192810767744364
ASPH,-0.022517321827762938,0.0004250939626486467
WNT10B,-0.022511957143342153,0.0004264432524690197
HPX,-0.022385598881027417,0.0004594040647208893
INHA,-0.022354498492278323,0.0004678735076568454
CBLN2,-0.022118054250819714,0.000537188979454234
AURKA,-0.021976856247116715,0.0005830275216259567
CCNB1,-0.021963541250572715,0.0005875329622784098
CEACAM5,-0.021933960610520397,0.0005976584937362502
AC233755.1,-0.021858652062659495,0.000624174553618324
RP11-1L9.1,-0.021722256895056812,0.000675004883938767
FXYD4,-0.021625295961208695,0.0007134510518325554
TUBA3C,-0.0213971650781283,0.0008120731458786691
MMP23B,-0.02138336531750956,0.0008184268820326887
IGKV1-33,-0.021352251963881682,0.000832921792134286
MYL7,-0.021243738027544878,0.0008853598858495073
TRAV16,-0.020985412492586984,0.001022748046490008
TNFRSF9,-0.02096055979022972,0.001036957022823824
EDIL3,-0.020861274414539183,0.001095563073169952
GAP43,-0.020809413103726006,0.001127379483748147
PALLD,-0.020614245514324222,0.0012549236325941728
ADGRF5,-0.02056095920972161,0.001291992515744117
CYGB,-0.0205516919500254,0.0012985415711391864
IGLV3-27,-0.02043748713634352,0.001381803287847377
ADAMTS1,-0.02042617281636642,0.001390314637228833
PAGE2,-0.020329808023454524,0.0014647899842909135
IGHV1-14,-0.020279310674358023,0.001505268557443898
HEPHL1,-0.020224494978183398,0.001550373325036484
FCGR1A,-0.019618376787862112,0.0021390759545702924
COL12A1,-0.019585307733908996,0.0021764466806838694
GPX2,-0.01953728718935425,0.0022317800336148497
C17orf77,-0.019371714975594204,0.0024325975915875132
LAIR1,-0.019302386263382817,0.002521492605638996
IGKV1D-43,-0.019267685536900676,0.0025670936595664933
TAT,-0.019234482385771884,0.0026114314714812147
HES5,-0.019220582918392973,0.0026301991210601616
RP11-557H15.3,-0.019218248425285623,0.0026333633180453926
VSIG4,-0.019190592443164844,0.0026711142146543638
HCAR3,-0.01888535164723331,0.0031218887955675612
SCGB1A1,-0.01875962719010246,0.003326937508315468
TRBV5-4,-0.018681002694893204,0.003461326694603126
DCN,-0.01867320466570899,0.0034749212721687513
IFNB1,-0.018461829545504013,0.003862437788710579
WNT2,-0.018202761457068468,0.0043907394389594255
IGKV1D-16,-0.018166351779787846,0.004470020187834873
MSR1,-0.018136782907538968,0.004535357259969065
TRBV9,-0.018106074460918293,0.004604126995983734
F2RL3,-0.018076214523236912,0.0046719006606224306
ADH1C,-0.018013859091529687,0.004816350546421632
TRAV6,-0.017988558743422006,0.004876103834835335
IGKV5-2,-0.017970188506758255,0.00491990923476358
TRBV6-2,-0.01787359501549215,0.005156154922844394
TRBV15,-0.017816036367519744,0.005301757866359964
IGHV1OR15-9,-0.017692607307329914,0.005626580333083462
TRBV14,-0.017572402973453072,0.005960062262320987
ROPN1B,-0.017382746477092117,0.00652254786819336
CRB1,-0.017364339518446476,0.006579604498696014
STAB1,-0.01733949023512322,0.006657342459057586
OMD,-0.01724942720453211,0.006946060535562851
TH,-0.01719831336693752,0.007114874859669956
NFE4,-0.017158143707763467,0.0072501185431586585
TRBV5-1,-0.017136235599225575,0.007324847161960941
MCEMP1,-0.017089154914757713,0.007487782296489954
LINC00052,-0.016984028028491884,0.007863387473436971
CFAP77,-0.016923008658768692,0.00808906217329666
AOX1,-0.01684716378121599,0.008377639478328865
IGKV1D-12,-0.016802484281517125,0.008551915690285633
CTHRC1,-0.01673240984005278,0.008831780132998113
IGHV4-55,-0.016514903321769372,0.009753297440202102
VTN,-0.016513277586170164,0.009760496401046348
DPT,-0.016373667276479056,0.010396652545189438
IVL,-0.016364821931401697,0.010438173367436118
TNFSF18,-0.016325411935335345,0.010624965682768736
CYBB,-0.016316863130155426,0.010665874817045458
IGHV3-41,-0.016299164835122653,0.010751012969634733
JSRP1,-0.016241362743505565,0.011033295687131529
FAM162B,-0.01622232262871988,0.011127711408400657
NPY5R,-0.016106707400224716,0.011716583409603134
SPRR2E,-0.016000148839433,0.012283635367356431
LRMP,-0.015994330507087998,0.012315286105234698
CSN3,-0.015964952244782005,0.01247620465549996
HP,-0.015904837388845947,0.012811295769319504
KRT75,-0.01570928273462522,0.013957092025944707
AURKB,-0.015673697946541963,0.014175053290917184
EPYC,-0.01561182193543495,0.01456120978867815
IGFN1,-0.015398967622330778,0.01596133773053354
CHGB,-0.015330266965983469,0.016437844983768917
IGHV3-35,-0.015268198093545328,0.016879052682373812
IGHV3OR15-7,-0.01513817995044458,0.01783708392230674
VMO1,-0.015093400042779835,0.018177900073155284
APLN,-0.015081796856027535,0.01826713578052624
TRAV27,-0.015049151121324633,0.018520262214752028
ATAD2,-0.014988757929432142,0.01899663492478445
ADAMTS5,-0.01494526136692094,0.019346333413434415
KLK2,-0.014767310896184353,0.020836232655873126
IGFL3,-0.014704619412295101,0.021384442932352025
PLA2G4E,-0.014630284322261516,0.022050710492313316
IGHV1-67,-0.01458261099645306,0.02248744859265418
CXCL12,-0.01457968476596456,0.022514499194483645
AP000692.10,-0.014516638129102286,0.023104221526777928
DCX,-0.014426040787464336,0.02397511350970888
KCNJ16,-0.014327296385660711,0.024956607274865705
TRBV6-1,-0.014295676842755917,0.025278165166494903
RP11-70C1.1,-0.014154407371873165,0.026758989420576286
TAC3,-0.014150907148620589,0.026796611224151674
TRBV5-6,-0.014122023014828474,0.02710881673852234
FEZF2,-0.014080298466447686,0.02756535364727525
COL11A1,-0.014038440750169757,0.028029995372555672
GHRH,-0.014027209361500575,0.0281558122478989
KLHL1,-0.01391841579910009,0.029399942846513098
IGHV3-72,-0.013808500316370905,0.03070463906127738
RND3,-0.013734449345354765,0.03161139007603928
ODAM,-0.013671105655072723,0.03240516094082524
CETP,-0.01352556393124953,0.034293888556622014
LILRB5,-0.013449291439790583,0.03532072270848832
CH17-212P11.4,-0.01340721347082871,0.03589835413989955
TRAV25,-0.01338790054961679,0.03616616040996651
TRBV7-6,-0.013383675290882729,0.03622497726522216
KIF23,-0.013383653736908016,0.03622527751183125
IGHV7-81,-0.013168045010434688,0.039336781150426825
TRAV3,-0.0131321374648569,0.03987641066704164
TRAV4,-0.013118837267795972,0.04007787783981825
TRBV7-4,-0.013102336105216376,0.04032903166485697
FOLR3,-0.013078800957996706,0.040689553630538416
RP11-1080G15.1,-0.013047405830233574,0.04117472759969871
CTC-490G23.2,-0.01295526022256228,0.04262711319744069
CCL8,-0.012874149546409811,0.04394119118379112
TSKU,-0.012865703013737764,0.044079979384094144
TRAV10,-0.01279070574366721,0.04532859431044732
DNAH17,-0.012789042580225545,0.04535661844237308
TRBV29-1,-0.012782302310665732,0.045470340840508945
IGLV4-3,-0.012781055858860689,0.0454913973855554
TRBV3-1,-0.01268740236575831,0.04709717522966678
TRAV1-1,-0.012510769646766617,0.05025557290495
IGKV1-16,-0.012439464610813609,0.0515799506908654
TRAV38-1,-0.012336493541049404,0.0535439185936907
EGR4,-0.012318136533860158,0.053900518657203175
CCL2,-0.012276227333698032,0.05472207315098145
DSG3,-0.01220534480753103,0.056135355079661935
GNAT3,-0.012162491077637257,0.05700443674358349
OLR1,-0.012102452338676309,0.05824083341994957
TRAV30,-0.011861993428949835,0.06341802535355023
IRG1,-0.011848963545798155,0.0637090941862951
PROX1,-0.011839913838338073,0.06391190025019494
CDC20,-0.011792605580004374,0.06498078551287868
HSD17B6,-0.011730044294699505,0.06641689989152287
ALOX15,-0.011721131154686011,0.06662361555683932
TRBV7-9,-0.011636683811480341,0.06860854723586055
CFAP126,-0.011631421636739586,0.06873382616804165
TMEM158,-0.011539026746467255,0.0709643055562633
CCL11,-0.011521002026535936,0.07140627950021737
JAG1,-0.011374108747086074,0.07509287991912919
RP11-503C24.4,-0.011288148082816923,0.07732137768800153
STMN2,-0.01127334734453358,0.07771046471183712
NPTX2,-0.01119656281409204,0.07975467235924218
IGHV1OR16-1,-0.011164559536766138,0.08061949028029902
ZBED2,-0.011156958355342632,0.08082601067742295
TRBV21-1,-0.011108598455940075,0.08215000548797727
RETN,-0.011066152662599825,0.0833265264128967
MS4A7,-0.011016732979306405,0.08471350708193859
TRAV13-1,-0.01085802301090402,0.08929446524267198
IL10,-0.010849803393749769,0.08953704452096012
LAMP5,-0.010794685683875985,0.09117743008656168
EGFL6,-0.010772539229410958,0.09184330898435633
COL10A1,-0.010756925689965849,0.09231510636513666
AADAC,-0.010752164467854805,0.09245936377969192
IGKV1OR2-108,-0.010746647922085566,0.09262673259727384
CCL24,-0.010729357700495764,0.09315288436281971
IGHV4-59,-0.010697643636883962,0.09412419429715688
GNG13,-0.010682546428777124,0.09458942226352733
MS4A6A,-0.010627547199055636,0.09629985508267072
IL4,-0.01062318382588674,0.09643660531218776
COMP,-0.010587036558133742,0.09757546139829569
IGKV2-26,-0.010483015356617041,0.10091280352329882
THBD,-0.010460102420914932,0.10166001082044233
CALML3,-0.010335176297179269,0.10581172567086078
RP11-762H8.5,-0.010180004187884686,0.11115460400837703
CLEC4C,-0.010155457252295741,0.11201897883646116
MS4A6E,-0.01006725648986561,0.11516861829974366
IGHV7-27,-0.010061206173774642,0.1153872016652546
CYP4B1,-0.010028624993543048,0.11656989437819425
IGKV1D-27,-0.01000562504322768,0.11741050773630991
PPY,-0.009979739341552817,0.11836227361316828
TNN,-0.009850931733865368,0.12318851917545984
TRBV6-5,-0.009846305494063365,0.12336467505394194
IGHV3OR16-15,-0.00977145013139252,0.12624239960144454
IL2,-0.009747447676128597,0.1271761313229487
SLC16A10,-0.00971686488873972,0.12837362278926456
TRAV14DV4,-0.0096886818602064,0.12948489238932762
HBG2,-0.009670397571780408,0.13020983577066383
BPIFA1,-0.009623772448476585,0.13207270475172686
TRBV11-3,-0.009462516021901159,0.13867505418741283
IGHV1OR15-2,-0.00942565459250759,0.14021938846815643
SRGAP3-AS2,-0.00930823623897678,0.14522696148589093
TRBV4-1,-0.009289000137934973,0.14606022630066456
HDC,-0.009130137938474428,0.15308224655120242
IGHV3-22,-0.009092792094824258,0.15476969110968605
ADH6,-0.008881338290338672,0.1645915365101877
GP9,-0.008858679500824546,0.1656712530324981
RP11-20G13.2,-0.008759245343162228,0.17047246602692143
IGHV1OR21-1,-0.00871082605831612,0.17284781285619383
LINC01048,-0.008615008762620108,0.17762120031707263
CST2,-0.008598743822003872,0.1784411327753537
XCR1,-0.008564896762276793,0.18015642013496166
IGHV3OR16-9,-0.008371726998246577,0.19018080664214926
IGHV3OR16-13,-0.008361828471613063,0.19070533101628004
XCL1,-0.008343889589723012,0.19165862743091672
RP3-393E18.2,-0.008300596312161991,0.19397371867323496
TRDV2,-0.008268888230794415,0.1956822728557797
TRAV23DV6,-0.008266124134311211,0.19583173412624433
IGHV4-28,-0.008252234422425026,0.1965840504716709
IL13,-0.008202198167650082,0.19931173823538725
NCCRP1,-0.008152909952900293,0.20202558187312447
IGHV3OR16-8,-0.008076506245350954,0.2062855010972918
TRAV29DV5,-0.008019899215826106,0.2094834543301708
CTBP1-AS,-0.008005396800430472,0.21030849931667206
TPSAB1,-0.007963629526500277,0.21269777877051763
MGC39584,-0.007945247406898627,0.2137555089514806
TRBV7-7,-0.007883663103207407,0.21732678857818474
FOXD4L4,-0.007829317815401008,0.2205137458314884
PSAP,-0.007802234281919436,0.22211445334502067
FCGBP,-0.007800710550402322,0.2222047564571126
SCARA5,-0.0077438586788580906,0.225592860297659
IL36RN,-0.007690422153479525,0.22881090239601376
JUND,-0.007673555729809572,0.2298333808956925
TRBV7-2,-0.007645637778779894,0.23153296018019304
TRDN,-0.007504006204106194,0.2402926453796771
TRBV11-2,-0.007482329026678589,0.2416536815820866
IGLV1-50,-0.007437688521701501,0.24447357495564842
ADM,-0.007406975514300736,0.2464270469019608
IGKV2-28,-0.0074009942489513605,0.24680874863789742
PRPH,-0.007376102371312334,0.24840170162182565
FAM216B,-0.007282126274978105,0.2544804602514511
TRAV5,-0.007236122423292706,0.2574936028565641
IFIT2,-0.007204337340009606,0.2595898531060844
ID1,-0.007177938790755104,0.26133981669754097
APOC2,-0.00713602945782794,0.2641347113699367
PECAM1,-0.0071173656544841835,0.2653859924951802
TREM2,-0.006992173125390586,0.27388480692031836
ABL2,-0.006891427743052307,0.28085767857443505
TRAV1-2,-0.006830351378390969,0.28514313635118627
NR0B2,-0.006774989866257661,0.2890656236690282
IL21,-0.006725228869581692,0.2926221846447433
PCP4L1,-0.006709768978457501,0.29373310439781947
TRBV25-1,-0.006456598651562347,0.31232782528501035
TRAV34,-0.006448280645604278,0.312951641151593
IGHV2-70,-0.006440970311323306,0.313500562699828
MAP3K7CL,-0.006300794910714282,0.3241486033918622
LTA,-0.00620634037711205,0.3314548673125295
HAPLN1,-0.0062037874912407,0.3316538050429598
CA6,-0.006174928949163736,0.33390801912501256
IGSF23,-0.006135742319602963,0.3369847662991263
SFRP4,-0.006076077451656338,0.34170425270695454
LY6H,-0.005996087759072408,0.3480974474226735
LEFTY2,-0.00591211264615275,0.3548904371942033
TRIML2,-0.005911733535364224,0.35492129307600745
HIGD1B,-0.005758361636597851,0.3675429813189797
CD163,-0.005732991219145027,0.3696574632584554
IGHV3-16,-0.005708691848392864,0.37168975253112346
COL15A1,-0.005674452298479774,0.37456512799102004
TPSD1,-0.005670775740355864,0.3748746942162839
CST5,-0.005664565166546593,0.3753979836196204
NDP,-0.005349915547312757,0.4024973063949705
GPIHBP1,-0.00530677573129914,0.40630206578564015
CLEC3B,-0.005302312937550415,0.4066968880023259
SLN,-0.005236906573970891,0.4125095930354046
C20orf85,-0.0051728048826309965,0.41825385304140644
GPR182,-0.005156190629556232,0.4197503336048728
WFDC1,-0.005152820152365759,0.42005430305212355
LPL,-0.005123694113026386,0.4226864434616574
SPINK6,-0.005066392495116323,0.4278929376459335
C17orf105,-0.005065702849284883,0.4279558262099331
KERA,-0.004938077163437004,0.43968629272544657
TRAV2,-0.004901813493008333,0.4430527603330629
TRAV17,-0.00482288312341283,0.450430811144576
CSN1S1,-0.004796024654202931,0.4529571980805318
FAM183A,-0.00463479398109099,0.4682900840917781
INHBA,-0.004521000436363415,0.47928244791383473
ACTC1,-0.00451013213487847,0.4803396343601109
IGHV3OR16-11,-0.004497135767000215,0.48160548978086565
TRAV21,-0.0044352394533372,0.4876590652381976
KPNA2,-0.004418916224959517,0.4892623229912496
TSPAN1,-0.004323135848140083,0.49872673819331836
MS4A4A,-0.0042435902792507816,0.5066602899976587
C5AR1,-0.004110408593349483,0.5200903454433395
CAMK1G,-0.0041005810676230416,0.5210885759780784
TRBV2,-0.00402920452534075,0.5283681280791184
NELL1,-0.004027732559670851,0.5285187941916061
IGHV3-38,-0.003956575528072351,0.5358282154726752
SLC6A14,-0.003898866918374935,0.5417933392895128
KRT1,-0.0038624508202338777,0.5455745134303425
PVALB,-0.0036510486831549754,0.5677800718404523
IGKV2D-30,-0.003597846592584282,0.5734357587898936
ARHGAP36,-0.003587389591105382,0.574550530740241
IGHV1OR15-3,-0.0035461475775448855,0.5789571164544157
CADM3,-0.0035192303351062764,0.5818416768406692
CCL22,-0.003497462165364767,0.5841793423460104
RP11-731F5.1,-0.0034725291694672473,0.5868622338904413
RP11-290F5.1,-0.0034074949451214707,0.5938869011910684
OASL,-0.0032930762579073854,0.6063382761500253
PAEP,-0.0032282378073586826,0.6134456020770401
CCL7,-0.003151723883253329,0.6218796782981098
CD1A,-0.0030925119259451075,0.6284409007720076
HS3ST2,-0.0030768973307203503,0.6301760700702823
TRBV24-1,-0.002978215423526465,0.6411889933779605
TRAV39,-0.0029730813141032584,0.641764155609903
LEFTY1,-0.002953322589697971,0.6439796825135009
MZB1,-0.002933854189203674,0.6461657540979409
RP1-28O10.1,-0.0027869063607807447,0.6627638201304729
TRAV26-2,-0.002568403571615943,0.6877512668881499
PLA2G5,-0.0025127045052091785,0.6941771512996028
RP11-6E9.4,-0.002375022516361601,0.7101550094463173
IGHV1-69-2,-0.002357633232026313,0.7121822868740729
LINC01272,-0.0023511562840658395,0.7129379034888124
CD1E,-0.0023073322417865145,0.7180578934492259
TRAV8-4,-0.0022206441147162616,0.7282229028201825
RP11-428L9.2,-0.0018776581194976686,0.7688960177944923
IGHV1OR16-3,-0.0018157516077783517,0.7763092227914106
KLK3,-0.0017925266785852117,0.7790956753740539
PGAM2,-0.0017576408385654855,0.7832864962334548
XIRP1,-0.0016709387655099931,0.7937290009994209
CH25H,-0.001663931135405668,0.7945746534259597
FOXD4L3,-0.0016061732304894826,0.8015537531688293
TRBV18,-0.0015495601498606189,0.8084099249346101
TRAV9-2,-0.001484298400000935,0.8163317613425705
C4BPA,-0.00146065165007241,0.819206820115215
MUC15,-0.001338688008980954,0.8340734114381496
NR0B1,-0.0013065266151836932,0.8380038147738936
SNTN,-0.0012623068041011213,0.8434144482458359
AL773572.7,-0.0011623607982706413,0.8556704871515779
FAM84A,-0.00104994975869403,0.8694966401514854
CCL18,-0.001028827743033515,0.8720991635067159
ESM1,-0.0010287524265989185,0.8721084460239809
EGFL8,-0.0009069625073867647,0.8871408274832359
FFAR3,-0.0009002613325096902,0.8879691759319426
KCNQ1OT1,-0.0008920790510244978,0.8889807733895765
RP11-561O23.5,-0.0007881021786398167,0.9018509077348754
TRBV12-3,-0.0007664350136488572,0.9045362098034163
IGFBP1,-0.000629500297087012,0.9215311102618351
TRBV10-2,-0.0006007647075688963,0.9251022869196385
KRT86,-0.0005449396778329469,0.932044312915428
RP11-417E7.2,-0.0005106684475295793,0.9363086491802042
KANK4,-0.0003840792875146227,0.9520749111524138
PGF,-0.00034879865364869435,0.956472608263047
KIR2DL3,-0.00031965253550815943,0.9601066493707522
CA4,-0.0002833724960214207,0.9646313227408723
HCAR2,-0.00027240402515779877,0.9659994889929909
TRAV8-2,-0.00018075897689134258,0.977434477782063
CLEC9A,-0.00017305365135823867,0.978396152033313
AOC1,-0.00012719564384831153,0.984120128505741
KIAA0125,-3.8167815454004244e-05,0.9952346133916067
TRBV5-5,3.995245843305882e-05,0.9950117972483897
MUC5AC,6.793453787765877e-05,0.9915182422469588
RP11-277P12.10,0.00015842049321555435,0.9802225496934577
C1orf194,0.00018665843259082793,0.9766982098094618
TRBV6-6,0.00019192627485261154,0.9760407856545124
DPEP1,0.0001943687390880708,0.9757359727996947
TRBV10-1,0.0002440750150209699,0.9695335976244833
ENTHD1,0.0002769783772676748,0.9654288889291607
FEZF1,0.00027988410243390786,0.9650664408804894
IGSF6,0.00030406045500175273,0.9620510703208748
ACTA1,0.0003087868363915814,0.9614616393604761
SMR3B,0.0006183571535472267,0.9229157643976733
OSM,0.0006331662891011307,0.9210756235337288
CCK,0.0006396171282146748,0.9202741922049542
IGKV2D-24,0.0007150904220829843,0.9109038637948014
DLL4,0.0007349327526925316,0.9084423562684312
KRTAP3-2,0.0008112978763522735,0.8989774131036474
TACC2,0.0008249705956511709,0.8972842475146063
RP11-768B22.2,0.0008574224753061825,0.893267444353447
DKK2,0.0009758608037864232,0.8786314507371058
CLDN14,0.0010366787906752586,0.8711316430441554
PCDH17,0.001041895892547076,0.8704888222842756
TWIST1,0.001132735791986197,0.8593101395047762
IGKV1D-33,0.001153812406370974,0.8567204091492605
NPY2R,0.0012004572147082128,0.8509945782148082
TFEC,0.00122137244895161,0.8484296820821592
MMP13,0.0012757253781001544,0.841771789180255
SOST,0.0012805689353481845,0.8411790250546981
PDZK1IP1,0.00130691578850614,0.8379562300183279
RP1-78O14.1,0.0015431479430461563,0.8091874192051408
THSD7A,0.0015506988401405575,0.8082718759715963
PTX3,0.0016476369564771456,0.7965419008367278
ATE1,0.0016680791399514313,0.7940740598088565
IGLV3-19,0.0016691076452927263,0.7939499498151854
TRAV22,0.0017824419434259943,0.7803064964673129
AC092484.1,0.00183678591881057,0.7737880742452501
PLD4,0.0019924075011570988,0.7552111603702963
IL4I1,0.0020050078975342367,0.7537130369492312
NR1H3,0.0020653550096002477,0.7465510056514703
HLA-DQB2,0.002069162358076865,0.7460998731442205
CDHR4,0.002106533591273247,0.7416763987906775
TRAV35,0.0021911935887204245,0.7316872695955178
RP11-286B14.2,0.0022897268379057797,0.7201183289863762
SLC5A8,0.0024393246580275097,0.7026764355772712
KRTAP4-11,0.0024650631631376063,0.6996909511143129
SCGB3A2,0.0026107261972077053,0.6828835954347613
CCL1,0.002707320929078522,0.6718234454360489
CYP4F2,0.0028501559776987263,0.6555987237435167
PLEK,0.0029857663356546147,0.6403434736617635
LINC00309,0.0030250053971890437,0.6359571804382884
IGLC6,0.003066101244318738,0.6313769781178589
CDC20B,0.003087292925021048,0.6290206336475371
IGHV3-52,0.003145290987757492,0.6225910607967954
IGLV5-48,0.0032712392593074614,0.6087278464678109
PI16,0.0032967592875721443,0.6059356647917226
AVPR1A,0.0033024571051424568,0.60531304218977
IGHV1-69,0.003386380042921334,0.5961758700392714
HAMP,0.003490300188004943,0.5849494156464146
LINC01055,0.0035741489184792983,0.5759635263392623
C1S,0.0035878337666782585,0.5745031584157272
OR51E1,0.0035926487869442068,0.5739897443285511
PPP1R17,0.00374324406254229,0.5580428710847263
UACA,0.003757993291925938,0.5564927012543217
SCT,0.0037955295892621115,0.5525570669378939
FNDC1,0.003844570473829738,0.5474358541041158
MYH11,0.003968521230525108,0.5345975773814503
FLG,0.004022987664098631,0.5290046167346589
HSPB8,0.004113647780990788,0.5197615412601543
IGHV1-24,0.004165469868207778,0.5145157913335484
MT1A,0.004181367025711152,0.5129121169076516
COL8A2,0.00419311807959916,0.5117283694796637
AQP9,0.00421524189449551,0.509503592583513
CYP19A1,0.004230488928793663,0.5079732993066868
TUBB1,0.004270178398614631,0.5040011389536743
RP11-53O19.2,0.00430360056836116,0.500668970934291
NEK2,0.004314759961318465,0.4995589931998542
CXorf21,0.004326793020000927,0.49836358113952484
VSTM2A,0.004330411124008495,0.4980044419552086
IGKV1OR-2,0.004332735450632942,0.4977737979920838
PYDC1,0.004430133932285652,0.4881602215477472
RP11-605B16.1,0.0044519834612735815,0.48601742910971063
SERPINA3.1,0.004543100947156442,0.4771365989849538
XCL2,0.004579476499461696,0.4736161940501817
CLEC10A,0.004635376602096176,0.4682341648806078
TRBV16,0.004687610200367918,0.4632359038254106
KLK14,0.004730534588173823,0.4591508031353132
RP11-702B10.2,0.00485918306203056,0.44702904841987073
CCL13,0.0049198558799079545,0.441375991996158
SST,0.004948750304428726,0.43869827580023657
RP11-356K23.1,0.00518929267216044,0.4167718732898832
TRBV6-4,0.005192493035974179,0.41648457281141565
CD1C,0.005202876766982891,0.4155532178187019
IGKV2D-26,0.005215773542832412,0.4143981729393686
ZNF385D,0.005234515657147348,0.4127230040463011
OMG,0.005298695120204929,0.40701712331834267
IL2RA,0.005347492121620432,0.4027104749468863
TRAV36DV7,0.005389729958713556,0.3990048584253579
ADH1B,0.005431686495440476,0.39534431382864915
KRTAP4-8,0.005451768005042177,0.3935994854167124
CORIN,0.005505364973036492,0.3889654719302436
TRAV13-2,0.005524115811770753,0.387352140303366
DNAH12,0.005692079870905318,0.37308308278957913
LGALS7,0.00575360462335476,0.3679388767389286
IGF1,0.00576375719206799,0.3670942654541146
LMO2,0.005810059265491072,0.36325764891861684
MEDAG,0.005915332004592786,0.35462848139327297
PROL1,0.006015416861432294,0.34654563997051335
LYPD1,0.006019328222451873,0.3462321589751155
SELP,0.006090642425670714,0.34054828052854696
IL12B,0.0061034493866905445,0.33953390817904405
PSG9,0.006122714436258795,0.3380116779185524
NGF,0.006170448079586167,0.3342589154269993
CRTAM,0.0061922229857852285,0.33255595415632816
SBSN,0.00621194918072385,0.33101806329120614
PMCH,0.006244834305098257,0.32846452110434693
AC093642.3,0.0063103708579531695,0.3234137833404951
CBLN4,0.006335765814812688,0.321470336672814
PRND,0.006435248044190703,0.31393068061028706
RP11-817J15.2,0.006449518664702846,0.31285874293694416
FGL2,0.006494899961541915,0.3094659643548334
RP5-839B4.8,0.00657963320610129,0.303196471510901
TRDV1,0.006602883794602161,0.3014910039454543
KLK4,0.006675153919092722,0.2962307257572386
MT1M,0.006702599547554692,0.29424924558411564
LILRB4,0.006742568765173626,0.2913795319055709
TRAV38-2DV8,0.006863088539900276,0.2828406470135329
MIEN1,0.006964178182290157,0.27581043802801436
COL4A2-AS2,0.006973046292791892,0.27519944855143796
SELE,0.006988284618151157,0.2741517269345852
RP4-639J15.3,0.007081519919332601,0.2678006411018266
RP11-92A5.2,0.007178056751716121,0.26133197895265203
IGLL5,0.00734972963153465,0.25009725334938043
RGS13,0.00740755370254063,0.2463901710532855
IGLV4-60,0.00748183304357129,0.2416848860317685
ULBP1,0.007503074427032874,0.2403510371672861
TRAV26-1,0.0075896186178494645,0.23497015452606113
KCNK17,0.007626806259326403,0.2326844079490584
IDO1,0.007793813509008083,0.22261383464514284
TRBV19,0.007894798095987737,0.2166779113286095
IGLL1,0.007981407745159997,0.21167839808685926
TRAV20,0.008063680326054716,0.2070069629053643
ADH4,0.008175295653618082,0.20078968940130745
DLK1,0.008265163372733298,0.19588370437823222
SULT1C2,0.00833690169165279,0.19203092083059375
WNT16,0.008360200082955583,0.19079172147692583
IGLVI-70,0.008387442311440452,0.18935023361102846
DES,0.008438109085624479,0.1866906404503538
IL1RL1,0.008444460013746154,0.18635922446236966
SPI1,0.00846487830331753,0.18529666492645855
IGHV3-49,0.008525416076040963,0.18217264832834937
IGHV3-19,0.008573625015955731,0.17971292558057345
ANGPTL7,0.008595384363398387,0.17861083689912557
IGHV3-71,0.008721642042136418,0.17231506895017792
HBA1,0.00874295392926225,0.17126894266502538
PRG4,0.0087912162919502,0.16891749875220188
RNASE1,0.008847953507915193,0.16618421299519603
SPOCK1,0.008853243736426685,0.16593106399782628
MNDA,0.008853490876533109,0.1659192448990282
CD177,0.008925547282561185,0.16250019696451323
LGALS14,0.00899698337466395,0.15916331887690546
CD300LG,0.00904995919859304,0.15672241501927553
MMRN1,0.009070068138531829,0.15580334766127257
IL22RA2,0.009083575179891785,0.15518831616922854
RNF186,0.00914343721535421,0.1524847194214498
CCL23,0.009229496120609458,0.1486609773204014
TMEM178A,0.009390930958727554,0.14168622666582759
PTCRA,0.009420318138237807,0.14044405476599955
RP11-77A13.1,0.009428450645309653,0.14010178424244996
ATP6V0D2,0.009433867838842737,0.13987414867077475
CYTL1,0.00947327856605571,0.13822663016155792
APLNR,0.009500578934317829,0.1370941656353753
TRAV24,0.009649224019272994,0.13105326495449146
IGLV2-28,0.009677655381206896,0.12992169892990518
IGHV3OR16-10,0.009847597396120674,0.12331546280890203
IGHV1-17,0.009920817094035653,0.12055128466115815
TRAV41,0.009924645339981344,0.12040810634448773
TIMD4,0.010108157589409486,0.11369949058105898
IGHV1-58,0.01016036301931305,0.11184580879584465
NPY,0.010170306435079284,0.11149546120316027
LAMP3,0.010220870527163072,0.10972725892147225
TRBV6-7,0.01023358271722803,0.10928622429874613
AGRP,0.010434843022623395,0.10248883552488192
RP11-598F7.3,0.010437700852688149,0.1023947940474664
LALBA,0.010466396375138654,0.10145432299186626
EPO,0.010532418768936907,0.0993166116099295
GREM1,0.010535717762310638,0.09921074491026209
CTB-50L17.16,0.010754576982523098,0.09238624583764028
AICDA,0.010996442112709469,0.08528835862286656
IBSP,0.011003252869942139,0.08509505548623326
IL17C,0.01104092346330745,0.08403227702013558
VCAN,0.01112007919638096,0.08183410507758516
DCD,0.011190645150147494,0.0799140134748304
CXCL11,0.011211742664708103,0.07934711487716933
PRRX2,0.011307960299097933,0.07680303292155202
NEFM,0.01134666799914088,0.07579850091390888
FIGF,0.011417504401178955,0.07398794413617864
TLX1,0.011445363239114338,0.07328563530957131
AC090505.4,0.01151780283511303,0.07148496029256456
AIF1,0.011535471699090352,0.07105129885238741
GPR42,0.011577871269198684,0.07001944420363143
AC104024.1,0.011589722779436056,0.06973322993554854
NRARP,0.0116418110304626,0.0684866618152821
IGLC5,0.011752391275825388,0.06590094522806177
INHBA-AS1,0.011790291684514724,0.0650334417914678
PGAP3,0.011795901447900187,0.06490584365776925
MUC6,0.011812657397592508,0.06452594666562131
TRBV13,0.011959316833589185,0.061278539020342145
TRBV4-2,0.011985926139354727,0.060704096834343066
MYOC,0.012050817897018045,0.059321900783685245
RP11-701P16.2,0.01205297686931325,0.05927636725376746
CFP,0.012070113410146705,0.05891597898674439
FABP5,0.01215177992507795,0.05722340077955741
CAPSL,0.012186553607231003,0.05651507639493927
CD93,0.012391298206047108,0.052490994010334774
TNFRSF17,0.01249747951146127,0.05050023228391186
MMP10,0.012803959686053567,0.04510578789321886
FCER1A,0.012860854331478764,0.04415981697281283
SLC30A8,0.013044704978538966,0.04121669398618066
IGLV5-52,0.013119000829841876,0.040075395020115125
CLEC4E,0.013161053849750774,0.03944135769121164
OTUD1,0.013307155469443744,0.03730434675988174
TRAV8-1,0.013344664976578054,0.036771874013299004
CD1B,0.013724855376008694,0.03173053164720033
GAGE12F,0.013802055412631074,0.030782659384844785
ASPN,0.013829082284108294,0.03045661507139767
CYP2A6,0.014072829384383945,0.02764777397493199
KRT83,0.014081731081043158,0.027549569180389616
DCT,0.014097717333666215,0.02737396174596872
CMA1,0.014124437311077619,0.0270826011670504
FCGR2B,0.014131465517655472,0.02700641010017912
BTNL9,0.014153337321733718,0.026770485905276926
FAM110D,0.014289822847273375,0.025338089664365942
KLRC1,0.014365037830134455,0.024577434125678563
PPP1R14A,0.014495120019745284,0.02330854404559064
SYP,0.014503907253638607,0.02322491724786088
AEBP1,0.014852514598523261,0.02011082089174814
RBP1,0.01486928792241024,0.019970640822470357
SDS,0.014904872821992257,0.01967606759951597
IGLV7-43,0.015124008281305208,0.017944332751815804
NMU,0.015217461234105997,0.017247394764832377
LYPD2,0.015369616757943039,0.01616340873432111
HAS1,0.015452275509917629,0.015600005266889122
IGHG1,0.015489366267135438,0.01535286053991229
SPRY1,0.015571342277103306,0.01481882653622289
NOS2,0.01568265197627289,0.014119927832613816
SFRP2,0.015719405111380067,0.013895634113396168
HIST1H2AA,0.015909129605706392,0.012787108826155927
IGHV3-13,0.01591745070742458,0.01274033390950273
GPC3,0.016077783726313955,0.011868158232728458
IFNG,0.016096439642744455,0.011770193977468677
PILRA,0.016255082030291086,0.010965706615098294
RP11-196G11.6,0.016265992875360524,0.010912216439841693
MSGN1,0.016446565891266043,0.010060018356049067
CH17-212P11.5,0.016484668563377988,0.0098879579456826
LCN6,0.01649991787933909,0.00981983442668663
IGLV3-16,0.01650483347008088,0.009797964230318456
RP11-350G8.5,0.016520247053953194,0.009729668052193795
GABRP,0.01658867164556481,0.00943158016235412
KB-1507C5.4,0.016604141765056903,0.009365325118087124
MTRNR2L7,0.01681111123541316,0.008518015159284957
RHCG,0.01690250477420727,0.008166185220268104
FCGR3A,0.016904597185391012,0.00815828481105507
KLK12,0.01699927246397903,0.007807895127958238
PLN,0.01714083480866038,0.007309102182505718
PDIA2,0.017303117802261184,0.006772618348406211
IGLC7,0.017313955515471033,0.0067380839539242015
FPR3,0.017654077086899218,0.005731594414472545
LIN28A,0.017702897337828264,0.005598830104121484
TRDC,0.017816275608565423,0.005301145063189159
C7,0.017936968913828358,0.005000028923797186
PLA2G2A,0.018063056587693287,0.004702051144263779
TCHH,0.01813913907302015,0.004530119397015876
CCL3L3,0.018280918360361935,0.0042248435988336015
SLCO2B1,0.018307274911690718,0.0041701942466745
THBS2,0.0183222900566916,0.004139348396417773
ACTN2,0.018397701619766126,0.003987537336226299
TRAV12-1,0.01841189552856712,0.003959535329013669
LILRA4,0.01870279654059112,0.003423589000762149
PLIN2,0.01895693559700477,0.0030103535598146685
KCNG1,0.019029326776200173,0.0029012683571378404
MS4A2,0.01910355232116141,0.0027931760340182982
SLC11A1,0.019215114055807343,0.0026376171480833014
CEBPA,0.01923684480024726,0.0026082538384953847
C1QC,0.01930379283446528,0.0025196599187226015
CD34,0.019462275577614006,0.0023207987300406115
TNFRSF4,0.01956031913487385,0.0022050817691833587
CTA-392E5.1,0.019564435463639923,0.0022003411315649284
ALDH2,0.02012439177125976,0.0016359685027226762
LACRT,0.020159804147060437,0.0016052034411397256
CILP,0.020379186491802054,0.0014261805101346739
CDC42EP1,0.02043354197687,0.001384765615716804
BUB3,0.020590199540525513,0.0012715280518981451
SPON2,0.020634157651669902,0.0012413255176565974
RDH10,0.020960451170613494,0.001037019522619651
ADCYAP1,0.021033809730600355,0.0009955937592540764
IGLV3-22,0.02116664220463973,0.0009244572648991609
LXN,0.021479171790400618,0.0007752497720870703
COX4I2,0.02148598315088095,0.0007722620601478014
IFI30,0.021506929377490012,0.0007631411222487519
POSTN,0.021668498292208575,0.0006960761509030482
IGLV1-41,0.021751411925812057,0.0006638267619648174
IGKV2-24,0.02180640146837414,0.0006432106406754416
KIAA0101,0.02185094702083515,0.0006269483389238614
SLC40A1,0.02191425522740519,0.0006044935790310445
IGHV4-31,0.021934468757773242,0.0005974831909282041
ATE1-AS1,0.021997532306302622,0.0005760950011886086
IGKV1D-17,0.022051108781687808,0.0005584866995381891
AC007161.5,0.02216341794487132,0.0005231899470581628
SIGLEC15,0.022264202928630933,0.0004932959510821526
AC019117.1,0.022584249755490362,0.0004085923734740152
FBLN2,0.02295514289007632,0.00032748108650923594
GJB2,0.023009111634019197,0.00031702004246845215
ALB,0.023064282899270292,0.0003066498350695973
ADAMTS9,0.023186043247107813,0.0002848767752386276
CTSL,0.02324579527534071,0.00027472989041185723
HOXB-AS3,0.02339665531941568,0.0002505981180893358
S100A14,0.023397760638273105,0.00025042888150939247
OSR1,0.023623191429890545,0.00021806671226495434
LINC01411,0.023917148670933995,0.00018174231759893054
IGHV5-51,0.024219850894902036,0.00015033362866424046
PLA2G2D,0.024314811504882808,0.00014158444966298083
UGT2B4,0.02454219268083188,0.00012254372457251022
LINC01480,0.024570867643910147,0.0001203216412607527
SOD2,0.0247625029581999,0.00010641866073090156
ADM5,0.02504625751918566,8.858791387718643e-05
CTD-2313J17.6,0.02509177595009783,8.600476615167281e-05
GPR183,0.02531928540086358,7.412606990007035e-05
THBS4,0.02567851193872071,5.847594040022291e-05
CD79A,0.025737059709224606,5.6242775700265815e-05
SERPINB5,0.025804803793197866,5.375967140665683e-05
GFAP,0.02585786343435846,5.188772679609173e-05
RP11-817J15.3,0.025978014595362968,4.787451957698842e-05
NOTCH4,0.026005356616990858,4.700328922272291e-05
MTRNR2L6,0.02611466545264593,4.3668154530822955e-05
SERPINA3,0.0262375633513924,4.0186723084438596e-05
IL1R2,0.02624362440764795,4.002203051772445e-05
ENPEP,0.026573388447081684,3.196698430197841e-05
CHIT1,0.026752072655711997,2.8271914648985383e-05
CAMK2N1,0.027010719280718683,2.3635197839682804e-05
HSPA1A,0.027171037673966683,2.113469217491035e-05
PHACTR1,0.027275892962847888,1.9637739323130547e-05
ADAMDEC1,0.027458502171112682,1.726874582366843e-05
CTD-2314B22.1,0.027686627692757506,1.4690461649718078e-05
MUC7,0.027693524372970173,1.4618543774270371e-05
RP11-519G16.5,0.02799124105267261,1.1815034383461552e-05
LINC00645,0.0280021149225357,1.172304601737991e-05
CCL17,0.028089840431877858,1.100552491395398e-05
HBA2,0.028129715233235656,1.0693424782136597e-05
AL928768.3,0.028178865293636512,1.0320346533487204e-05
NTS,0.028190410554581755,1.0234531523769946e-05
APOBEC3A,0.028227628806884803,9.96250616721492e-06
SCG3,0.028236421818350493,9.89925462842427e-06
GNG11,0.0282458399105867,9.831932121263343e-06
IGLV5-37,0.02833165747915059,9.238309990564892e-06
KRTAP3-1,0.028879493410712307,6.182419669980304e-06
CST1,0.028954856051477584,5.84685003529245e-06
VWA1,0.029301058596134907,4.516846194264804e-06
HPGDS,0.029333781344058688,4.407348287699688e-06
C2orf82,0.029474229097773297,3.965593248629991e-06
LIPA,0.029701627189642567,3.3389679195591026e-06
AVP,0.03014440935906404,2.380359881999679e-06
STATH,0.030244627917192693,2.203424119796006e-06
MEST,0.03061967665170508,1.6468251208801893e-06
PDE4C,0.03070956425466815,1.5350628624293564e-06
IRF8,0.03092339190371566,1.2977371993093142e-06
TBATA,0.03100868508882442,1.2132792629818563e-06
TNFAIP6,0.03106697468468526,1.1586294401667542e-06
IGKV2D-28,0.03109182571025996,1.1360573605965193e-06
CD300E,0.03116783415824788,1.0696150010712018e-06
FCRLB,0.03136766752936143,9.122897550818877e-07
IGHV3-11,0.03139202310238955,8.947123676449324e-07
FGFBP2,0.03139708946463841,8.910971738306404e-07
GALNT5,0.03141934219389824,8.753842192302825e-07
LOXL4,0.03163618109084365,7.356021492184608e-07
PTPRB,0.03170499683563952,6.959264712529218e-07
LINC01198,0.032279431058500535,4.361683864452473e-07
CPA3,0.03243119401457735,3.850149818795299e-07
CCR7,0.03244977877429744,3.7916379962945213e-07
TNNT2,0.03247696684622779,3.707583032900403e-07
CLDN5,0.03250218977575716,3.63121354817501e-07
FAM107A,0.03277878073464522,2.8873480278475016e-07
RALYL,0.032925169797981116,2.555581531018666e-07
CCL21,0.0331912806314967,2.0443726346240214e-07
LIF,0.03321585390761304,2.0024995009256933e-07
ANGPT2,0.033375246585063835,1.750342720076107e-07
KDR,0.03345734848917603,1.632727622034874e-07
AC004257.1,0.03353910839370667,1.5232139422309136e-07
TNNC1,0.033602843223155404,1.4428051537546946e-07
EREG,0.033633087104432025,1.4061004317918538e-07
ANKRD1,0.0338041517859647,1.2148926238768048e-07
RBP2,0.034094376530484284,9.465608217870326e-08
EGR3,0.03415921176795285,8.949844188102154e-08
LAPTM5,0.03423891912845545,8.352974253261903e-08
GJA5,0.03424364834063319,8.318799005054822e-08
IGHD,0.034332619975705934,7.700524505170453e-08
UCHL1,0.034438033795857935,7.025471263499965e-08
CRTAC1,0.03459100893878848,6.146788624784186e-08
CGA,0.03489384721292801,4.710409906891738e-08
TPD52L1,0.03548898449915447,2.774149840119852e-08
FCN3,0.035593378455015534,2.525914899089417e-08
LUM,0.03565166799422186,2.396833796088657e-08
JAM2,0.03568034546503373,2.3357007571427035e-08
CLIC3,0.03570169884729072,2.2911665114785315e-08
BCYRN1,0.035967472964866375,1.8013620742964447e-08
SOX17,0.03606614387402982,1.6467745697065063e-08
PSAT1,0.03610992173078097,1.5823884659981837e-08
IGHV3-33,0.036151656752964674,1.5232871637611545e-08
TRIM55,0.03618995474697417,1.4709433279213812e-08
AL022476.2,0.03619726968383576,1.4611463007826832e-08
DMBT1,0.036285821665051655,1.3474607957071231e-08
CXorf36,0.036335421002074444,1.2875883002232666e-08
DHRS9,0.036537106373626296,1.0696668532756589e-08
PCP4,0.03665306266214438,9.610771465577091e-09
GSTA1,0.036683961927528624,9.33998602631946e-09
GJA4,0.0367495190435738,8.789810082150488e-09
CAV1,0.03713914627276393,6.114356568843153e-09
TBX10,0.03716249296901424,5.9821236127971184e-09
IGHV4-34,0.03719753348808001,5.788863896982267e-09
PLTP,0.03756036100478842,4.113062624194443e-09
TRBV12-5,0.03757101890664525,4.071782645338342e-09
VIM,0.03760949558369202,3.926084200231992e-09
GAGE2A,0.0377279239801712,3.508768435156233e-09
LAMB3,0.038559041648527095,1.5795562232740346e-09
CYP27B1,0.03863431934110615,1.468198098582429e-09
AGT,0.03863721226209103,1.4640749471440498e-09
PFDN2,0.03866807546695994,1.4207834530903581e-09
PLAC8,0.038742491044759186,1.3214683944654291e-09
T,0.038789671671747475,1.2620416458958748e-09
TCL1A,0.038904092597027595,1.128534599543318e-09
IGFBP7,0.038935030226422966,1.0948682837320838e-09
TUBB2B,0.03909957287868319,9.316213492619375e-10
GAGE1,0.039185470682164464,8.560920683230876e-10
KRT33B,0.039252622762323004,8.012373001751832e-10
GJB6,0.039323595387026546,7.469894143307644e-10
TCN1,0.03941123302512423,6.849297241025574e-10
WIF1,0.039446199564097124,6.615981867140663e-10
TMEM190,0.039882197514058325,4.2839290921880824e-10
MATN3,0.03997435238506065,3.905641896477324e-10
A2M,0.04030636720013281,2.794506033085741e-10
ADGRD2,0.040372951303924744,2.612218867472588e-10
RP11-49I11.1,0.04087604761982376,1.5637248786628094e-10
MMP12,0.0411782793641849,1.1455454277992694e-10
S100A2,0.041526122820511976,7.985188396260746e-11
SEMA3G,0.04153026271904438,7.950825742156743e-11
ADGRL4,0.04170697301255726,6.61149138172563e-11
RAMP3,0.04184630379575966,5.7135018183106745e-11
TAC1,0.041904746717661784,5.373406160224045e-11
ASPG,0.04203737007241597,4.673417033779352e-11
SYNM,0.04214824104133166,4.157381619628524e-11
MROH8,0.04215892932315713,4.11068698596386e-11
PENK,0.04216567495811681,4.081481402506413e-11
FAM24B,0.04298452638548378,1.7036553319953074e-11
GNLY,0.04299423889554697,1.6859279717731103e-11
LGALS2,0.04307439417691946,1.546361908620902e-11
CCND1,0.04317184699239801,1.3918550001989163e-11
LINGO1,0.043523667054114146,9.499898425581824e-12
FCN1,0.043644479589023254,8.326435903087483e-12
TPSB2,0.0443197370101327,3.959097347230274e-12
RP1-60O19.1,0.04433564894359843,3.889828304098363e-12
GDF15,0.04435655879486662,3.8006059148634816e-12
CLEC14A,0.04436622065098872,3.760059490494992e-12
GGH,0.045376952637312014,1.2091752152342598e-12
AC005387.2,0.04541536126110439,1.1575888183975987e-12
TYMP,0.0459124091964718,6.563229954273494e-13
IGKV2-29,0.046080314583846406,5.411067928718117e-13
TMEM100,0.046657091852104135,2.773579890583381e-13
RSAD2,0.04706907524665103,1.7123064728228175e-13
IGLV2-8,0.04737692566503083,1.1909642816589382e-13
NPL,0.04771116484984008,8.008836175686807e-14
CPE,0.04771775213570009,7.946232492267365e-14
EMCN,0.04774667457109637,7.677006585368347e-14
IGKV1-6,0.04799411885638174,5.711657964597795e-14
C1R,0.04800504070191429,5.637396966112119e-14
LRRC26,0.04807629343853436,5.175697013034035e-14
TRBV20-1,0.048335232787557636,3.7901622846753015e-14
MS4A1,0.0485929137680997,2.7752540172020216e-14
CCL3,0.04863409989120752,2.6399976815636464e-14
MT1H,0.04879884108998092,2.1608750506381957e-14
CST4,0.04887390364972143,1.971996008999728e-14
CFD,0.04899274594594366,1.7056595925531805e-14
IFIT3,0.04919824844037261,1.3261034747844023e-14
IGLV10-54,0.0496360274701363,7.730719371538913e-15
SFRP1,0.04964012173019265,7.691633318364249e-15
C1QA,0.04972081720056224,6.959778467803706e-15
RAB42,0.04976276584411718,6.606861820718205e-15
CDH5,0.05001094539620212,4.8518389459834395e-15
MTRNR2L10,0.05011308126517084,4.271049280323424e-15
IGHGP,0.05053015837591438,2.530916536091034e-15
CTSG,0.0505602620831697,2.436710055475643e-15
ACKR3,0.05075389050923996,1.908155537053946e-15
UGT2B15,0.05087774850243397,1.631096480767695e-15
FCER1G,0.05097812352628965,1.435967461960368e-15
C1QTNF3,0.05117586099338485,1.1164104383288227e-15
CLLU1OS,0.05169709462928508,5.723684794158983e-16
IGLV9-49,0.05186500359539338,4.608891896440204e-16
SPINK1,0.05192053983282004,4.2895727715641974e-16
PLVAP,0.05204551095500679,3.648597952334029e-16
SPIB,0.05213065800829866,3.2669448968094e-16
PMEL,0.05228750155880833,2.664113472329534e-16
LGMN,0.052396561621043454,2.3109979939531863e-16
C1QB,0.05250160454908874,2.014661581896298e-16
KCNJ8,0.05354928238751081,5.051258567698915e-17
CD248,0.053957778011074646,2.924119322302978e-17
GLRA3,0.05398847370625841,2.805978660956263e-17
TFF2,0.05438791074892045,1.6372151481996787e-17
HIST1H1A,0.05447934246366031,1.4464719233347205e-17
CASC15,0.054479637579664425,1.445893239787796e-17
EFEMP1,0.05457222343549941,1.2751781990851369e-17
IGFBP3,0.05468793499013759,1.0895539729704008e-17
SDC2,0.055023999043844224,6.8867546062368596e-18
SFRP5,0.0552290043346107,5.1986466837163924e-18
CAMK2B,0.05607088305409713,1.620690976797389e-18
BPIFB2,0.05615511630346108,1.4409213508788296e-18
CPB1,0.0561612575141904,1.4286133219668133e-18
GCNT3,0.05631886069053296,1.1459547069521996e-18
LGALS3BP,0.05694298695428708,4.757834025261897e-19
LMTK3,0.0574024150499029,2.475996317044189e-19
CEACAM6,0.057467026490835404,2.257761077746542e-19
COL8A1,0.05759524062893033,1.8794393911232016e-19
MCAM,0.05793465434019157,1.154339996111649e-19
AKR1C3,0.058058311664629325,9.658368314514201e-20
LTF,0.05814723548311871,8.494196710156008e-20
IGHV3-66,0.05817033694593352,8.215181087760835e-20
FFAR2,0.058180649301831,8.093572988708972e-20
RGS5,0.05818401147029276,8.054310636070159e-20
CXCL9,0.05951282406077969,1.1533002304731118e-20
VWF,0.05964546717491999,9.4766467638846e-21
IGHV3-53,0.059833073782461214,7.173098198601969e-21
RP11-350J20.12,0.06016403829338326,4.379503378128894e-21
PSMD3,0.06019950828852856,4.153276083174726e-21
HSD11B1,0.06032079443061779,3.463593863176164e-21
CCL4L2,0.06053526596976498,2.5100833165511894e-21
STXBP6,0.060730927647537174,1.8693330602401504e-21
IGLV1-51,0.060802947224064915,1.6767528513380905e-21
CCL19,0.06084119676830555,1.5825934312105833e-21
TUBA3D,0.06088474408548105,1.4817477010122366e-21
CDSN,0.06119977063666491,9.189940393722485e-22
TRAV12-3,0.06127658112777119,8.176524581460762e-22
LINC01436,0.0612817726092552,8.112165258944418e-22
MAGEA4,0.06139146888494081,6.863604699704906e-22
GAS1,0.06162237406147395,4.823327681951814e-22
CST6,0.06180790425310324,3.6294113004479557e-22
TMPRSS11E,0.06194542488056153,2.9379866070060056e-22
HTN1,0.06224943732687016,1.8383394952735176e-22
MSL1,0.0624892853221297,1.2678953771685537e-22
MED24,0.06271983583035534,8.859671632234867e-23
PADI3,0.06280302881178278,7.782288746731696e-23
MUC21,0.06281307897581348,7.661252191304189e-23
CALB1,0.0628148898228098,7.639642715263172e-23
EFNA1,0.06340323733041252,3.0385203461318114e-23
LAMC2,0.06373091891668435,1.8115580963649814e-23
IGHV4-4,0.06383445550474418,1.5376053982554998e-23
SLC25A48,0.0638509451403466,1.497937114141736e-23
TNFAIP2,0.0638945824631192,1.3977839771764684e-23
ACKR1,0.06422627834361364,8.247709867977484e-24
RASL10A,0.06458230217084807,4.6678522865786176e-24
KLK11,0.06463487530570898,4.29038938500948e-24
GXYLT2,0.06595602089041568,5.041417896979445e-25
CA3,0.06601963555826333,4.542600737088783e-25
ACY3,0.06611162074130286,3.906613916681324e-25
NPW,0.06611960013623358,3.855795412727696e-25
DNAAF1,0.06618318619302979,3.473562508446581e-25
CD14,0.06630294193052426,2.8527797218769507e-25
CYB5R2,0.06726314860303476,5.809392665550101e-26
IGLV2-11,0.06739616422248043,4.651700366294984e-26
KRT15,0.06754606421327122,3.619215111128649e-26
SLC35F3,0.06772862240971333,2.664070708956803e-26
HBB,0.06789342851877288,2.018881088718902e-26
LINC01510,0.06809682631318283,1.4324311215330283e-26
GPNMB,0.06852842690730158,6.892212269285992e-27
HEPACAM2,0.068559550019952,6.536885756330278e-27
KRT23,0.06869389321255367,5.2002612761308604e-27
VCAM1,0.06897556960592041,3.2144066683650854e-27
PDGFA,0.06907881326460268,2.6934601985162467e-27
KCNC2,0.06936795294611436,1.6392607483431793e-27
SERPINB2,0.06961619074439711,1.0685119424945582e-27
CLDN4,0.06966249333982141,9.8636397960113e-28
IGLV8-61,0.06977724352697648,8.087939548179439e-28
FGFBP1,0.06987954023056706,6.774459931445712e-28
FJX1,0.06989496216577919,6.595720178531288e-28
IGLV6-57,0.0700536644215243,5.0074217460946134e-28
FERMT1,0.07006454192347816,4.913642784375813e-28
CD207,0.07007492099051199,4.825785778238934e-28
GZMB,0.07017386064244975,4.062720328924497e-28
MXRA5,0.07062817134458545,1.8375075778650169e-28
C3,0.07064685757746018,1.77831453967548e-28
TYROBP,0.07097534449998574,9.986499059047428e-29
C10orf10,0.07102165165717446,9.20436009430913e-29
AC017074.2,0.07114931415304761,7.348986456463146e-29
B4GALNT2,0.07135949291902757,5.068605093558001e-29
OXTR,0.0719062321779618,1.918574601306834e-29
TMEM176A,0.07201935412844145,1.567776830518264e-29
ALOX15B,0.07303490788041887,2.5226697303860824e-30
IGHG2,0.07366460608813624,8.023019080556376e-31
MXRA8,0.07383221527723166,5.90463788058665e-31
SCRG1,0.07428359711987154,2.5770757987952572e-31
PAX6,0.0743165819804697,2.4250991306810034e-31
RASD1,0.07450848017352901,1.7018535913138802e-31
CYP4F8,0.07537593550648901,3.394048297437164e-32
MMP1,0.07583647681139666,1.431155576412875e-32
CRYAB,0.07584200990344249,1.4163391011129346e-32
PLAUR,0.0758742844132088,1.3329009013486003e-32
IGHV3-15,0.07589342318895742,1.2857470500687893e-32
RP11-295M3.4,0.07650392753198516,4.0561860790805055e-33
GRN,0.07679194127275359,2.346148002676079e-33
NSMCE4A,0.0768227519939657,2.2124200085402694e-33
UGT2B28,0.07684418532665564,2.1238853505217956e-33
BPIFB1,0.07737305075312094,7.725371161374747e-34
IGHV2-70.1,0.07757614744992485,5.229404251283813e-34
NEAT1,0.07794914660006834,2.5471805393419715e-34
TPH1,0.0784292422531184,1.0040802476331474e-34
STC1,0.07849787375745626,8.785586409019046e-35
ANXA3,0.07864333066574511,6.617340235648999e-35
SERHL2,0.07873248928635947,5.560627744649493e-35
NPPC,0.07879843515645887,4.888564226157276e-35
SYNPO2,0.07884246611179356,4.485422788992316e-35
BMP2,0.07904872478376729,2.995243676089784e-35
MMP9,0.07912354673815222,2.586435366675757e-35
PLAT,0.07917150728358457,2.354067599812675e-35
CLDN1,0.08007368100639725,3.964313760824337e-36
SERPINA6,0.08082824612787393,8.797556570878461e-37
CAV3,0.08093819846366275,7.056342214036267e-37
GBP4,0.08122488467437113,3.9648479879155795e-37
ASPRV1,0.08127468583091144,3.586299643185422e-37
SFTA1P,0.0815991952255211,1.8621731935593782e-37
CPVL,0.08162460002934611,1.7688443999083463e-37
MFGE8,0.08171086295177923,1.4852989336538267e-37
IL18,0.08197021521236945,8.774198674628392e-38
THBS1,0.08209177234869479,6.851899591447697e-38
C11orf86,0.08225565639111537,4.906435164095737e-38
WFDC12,0.08261097677949172,2.372989079628768e-38
MED1,0.08429245860988355,7.3098477593092085e-40
UGT2B11,0.08445052562928439,5.251224697313782e-40
ALPP,0.08447320959515214,5.007532478150007e-40
MFAP5,0.08452085077469812,4.531728906259042e-40
CXCL10,0.08487643756728687,2.14712608869098e-40
MGST1,0.08489581332309677,2.061301588542192e-40
IGLV2-18,0.0850317193192618,1.5479727646414097e-40
CDH13,0.08532037769768046,8.412537255233891e-41
RP11-1143G9.4,0.08581400817187641,2.950846535242642e-41
WDR11,0.08616954922540487,1.3823276166251302e-41
C1orf186,0.08636395704116098,9.119139754100224e-42
CEBPD,0.0872751758394721,1.2815510220976721e-42
HMGA1,0.08742067359275203,9.350330563016704e-43
TUBA3E,0.08761733516443229,6.101128641965231e-43
CASC3,0.08773307352468256,4.743444329069894e-43
C15orf48,0.08879465766262358,4.641363421888291e-44
GRB7,0.08928649546353856,1.5661148379980374e-44
PVRL4,0.08944832590191078,1.0939708260155363e-44
RP11-53O19.1,0.08947692297599018,1.0266954390142488e-44
GDPD3,0.08967964985603477,6.543096562786491e-45
ARSF,0.08972037063954463,5.976248365952773e-45
MT1G,0.0900037410795884,3.177362347191108e-45
CTSD,0.0901656726311245,2.21254510277577e-45
SPTSSB,0.0904140274494225,1.2684707803749892e-45
IGLV3-9,0.09096919329632529,3.637210963713499e-46
S100A4,0.09097790512896733,3.56638789853548e-46
KRT16,0.09146457349379837,1.1853753700756063e-46
CCL4,0.09175274007558491,6.157289648208626e-47
G0S2,0.09178886992137918,5.671005537957899e-47
C5orf46,0.09202015235538441,3.3466059793694675e-47
SSUH2,0.09235869735851328,1.5426660000816613e-47
SECTM1,0.09361725260297998,8.453241069047012e-49
ELF5,0.09367688325957405,7.35932322015314e-49
BCL2L14,0.09382395744129383,5.226732609896476e-49
ARPC1B,0.09397428333087136,3.682087123618696e-49
ARL14,0.0956815845617723,6.621934723395078e-51
CA2,0.09576421869056802,5.441468759368939e-51
SGK1,0.0964367187623364,1.0939825016274128e-51
TRIB1,0.09661863802198752,7.074518754720929e-52
FAM3D,0.09751424872735377,8.17386046358358e-53
MSMB,0.0978238575828931,3.8581931759954134e-53
CD81,0.09893790508890299,2.5383746787400542e-54
CD83,0.09910317095592913,1.6907594420288932e-54
FMO3,0.09918691169829733,1.3757774446891358e-54
FAM167B,0.09919169682523923,1.3596581454705695e-54
RNF152,0.09958852109788932,5.1061481746908225e-55
SOX8,0.10037914890262549,7.170263414757265e-56
CTSS,0.10064642359600935,3.6794340905081323e-56
CCDC74A,0.1009789697699512,1.6002082032427086e-56
SPINK8,0.10103200002439884,1.4008792543163697e-56
CYP24A1,0.10116882985139021,9.935379131994484e-57
STEAP4,0.10142996461935025,5.150423137439807e-57
SPP1,0.10176914423939076,2.188312795801917e-57
PRELP,0.1021425091840857,8.500718295816956e-58
PI3,0.10264856864134977,2.346507890618908e-58
C8orf4,0.10275695177725974,1.7796280649405752e-58
RERGL,0.10292006943500992,1.1731303825038449e-58
HSPB6,0.10345293667923748,2.9928760067566173e-59
CTSC,0.10347397753351979,2.835303365802208e-59
RARRES1,0.1045748266998657,1.647765396021594e-60
MRPS30,0.10501960726581476,5.174461151346112e-61
SPARCL1,0.10509908357939753,4.2048662494905166e-61
TM7SF2,0.10516642060441914,3.5265417406499974e-61
CITED4,0.10556922321825525,1.2282206189419375e-61
LDHB,0.10571238802204379,8.434107876266839e-62
AHNAK2,0.10582857108565896,6.214433100937976e-62
FGF7,0.10613470072339926,2.7746444808817563e-62
PALM3,0.1061370434790401,2.7575500867134853e-62
ZNF703,0.10686576108018601,4.0064600672329233e-63
SLPI,0.10704652591787543,2.477678094783678e-63
PNMT,0.10708110407086022,2.259847722705224e-63
ACAN,0.10770010277530492,4.329284319720864e-64
ERBB2,0.10797571622988339,2.067848458446671e-64
S100B,0.10800064488363657,1.9339849860681893e-64
THRSP,0.10831662386393465,8.268857864933859e-65
NOV,0.10892531565173895,1.5977577735518606e-65
LY6D,0.1092486699986731,6.646506469803264e-66
DNAJC12,0.10941212460630528,4.261904405276343e-66
CTB-131K11.1,0.10961526858794338,2.451002907763081e-66
CKMT1A,0.1096969297009572,1.961710105446681e-66
PCAT1,0.11004570564815087,7.564218354045699e-67
SERPINB7,0.11031560901219492,3.6105105459718246e-67
BEX1,0.11044312320685418,2.5441527964632636e-67
CNTD2,0.11062562640260405,1.5404495506430168e-67
BCL2A1,0.11098778067211602,5.67775346833454e-68
ORMDL3,0.11134043983112062,2.141331394972424e-68
ADARB2-AS1,0.11217339609412146,2.113438642962665e-69
SERPINE2,0.11223157849281724,1.796619142296165e-69
FBXO2,0.11233552512997415,1.343848583257339e-69
CITED1,0.1128751470501661,2.963336725855966e-70
MMP3,0.11293762496218897,2.4863120326114023e-70
SLC38A10,0.11342185964922934,6.357888369243704e-71
S100A1,0.11347194487866433,5.519614653491379e-71
AC006262.5,0.11380947444992313,2.1250975124726342e-71
IL1RN,0.11381251184525377,2.1068947838755603e-71
FABP3,0.11438090942381232,4.1948821037334607e-72
A2ML1,0.11472721990849627,1.5628528546461625e-72
CT83,0.1152564460814692,3.436167517486795e-73
GNG4,0.11564627399053765,1.1208045166642037e-73
PCDH11X,0.11585036379337793,6.224955595843791e-74
DKK1,0.11616857440784684,2.483229050487792e-74
ITGB2,0.11624851643221956,1.9704834788817396e-74
MUC5B,0.1162699015810743,1.852214336114056e-74
SOSTDC1,0.11686628747162729,3.2808587624447617e-75
PI15,0.11711401038132492,1.5943901351358093e-75
RGS16,0.1173364711463071,8.32880521887464e-76
BRI3,0.11740829573662873,6.751719407627463e-76
RARRES2,0.11770283265953371,2.8507336418693633e-76
CDH11,0.11776698817217787,2.3619228663274887e-76
FABP4,0.11798108875899764,1.2598427586585663e-76
FLT1,0.11805246783199486,1.0214214830490923e-76
HYAL2,0.11841249906149395,3.53823386053718e-77
SLCO4A1-AS1,0.11909302997640102,4.727011553128347e-78
TMEM176B,0.12031967255155224,1.2187422903175002e-79
LDLRAD1,0.12067655573618911,4.174152032728474e-80
OBP2B,0.1210366691901472,1.4111788489230853e-80
PLA2G7,0.12107331098740637,1.2635089302216883e-80
KRT18,0.12150166912779026,3.4617056570670886e-81
ST8SIA6-AS1,0.12214777006888644,4.867778871373518e-82
C19orf33,0.12250426318445871,1.6416127664237758e-82
RAPGEFL1,0.12268300696640105,9.50717395436753e-83
PRAME,0.12305693194998313,3.0244829565656017e-83
TPPP3,0.12361244160634134,5.480727283551224e-84
PTHLH,0.12374836216303013,3.604222698043112e-84
AC018816.3,0.1239362691231679,2.0175588631472982e-84
CRABP2,0.12411278497378528,1.168850861480645e-84
GJA1,0.12415528321257094,1.0247802235810968e-84
BCAS1,0.12542858790513772,1.948392341435621e-86
CLDN10,0.1258816742148345,4.709247672775317e-87
ACSBG1,0.12593522013725345,3.9803002046998304e-87
NR2F2,0.1263514054460264,1.074381617319495e-87
RP11-662G23.1,0.12714859299431083,8.636566767369184e-89
FGFR2,0.12770870099218698,1.4550682782916717e-89
TMEM150C,0.128164462867405,3.395771805970625e-90
SLC9A3R2,0.12822265352891934,2.8189443974956848e-90
ACSM1,0.12836315810906035,1.7976671625401522e-90
PPP1R1B,0.12859068250463468,8.666839196123905e-91
IGHV2-26,0.1287725083972163,4.833219891495333e-91
IFI27,0.1292499399970485,1.0387819302647579e-91
CD74,0.12975908081040996,2.0029178099501964e-92
RAMP1,0.12998506581695643,9.625889743075842e-93
GDAP1,0.13040572291274058,2.4522877902318883e-93
CRISPLD1,0.1304148976766295,2.3801087271290105e-93
NTRK2,0.13173125569195454,3.201115715408182e-95
S100P,0.13196377158886582,1.48850785680642e-95
CPM,0.1324229807442922,3.2673995722483716e-96
HES1,0.1330340760342374,4.3070113877461126e-97
GSDMB,0.1332346766122181,2.2099579977828862e-97
AREG,0.1337945448564809,3.4135230261651095e-98
CRISP3,0.1347694416778717,1.29513863492102e-99
GLYATL2,0.134929438848198,7.552786275065249e-100
LGALS7B,0.1359227062902921,2.6164231500188414e-101
GP2,0.13690002347977281,9.33161426527406e-103
SYT8,0.13729457143947305,2.4124249593947994e-103
PPP1R14C,0.1379003934140334,2.9988077251654526e-104
ENTHD2,0.13893246534805848,8.410841568671434e-106
CEBPB,0.13944251331928198,1.4235310763193097e-106
TPT1-AS1,0.13986222524208564,3.283495787179625e-107
SERPINA5,0.13994771916025084,2.434066179030635e-107
HOXA7,0.14004902389375556,1.706787578028938e-107
KLK8,0.14093589818785138,7.545878380630158e-109
AARD,0.14119126277956565,3.0624129179698182e-109
MARCO,0.1422091308748663,8.273339216119328e-111
IGHG4,0.1423039426700835,5.901944435143156e-111
HOXA9,0.1432475217351144,2.0213047155063848e-112
KRT5,0.14369392757618163,4.0631979684636093e-113
RP11-10A14.5,0.1442915915204777,4.704261372562945e-114
TFPI2,0.14434823107711212,3.833039586821218e-114
TNF,0.14446820013941852,2.4832544895745068e-114
RBP7,0.1458915311336026,1.3994168094318994e-116
IGFBP2,0.14624518408399179,3.833254907482756e-117
DHRS2,0.14644162645502606,1.8645459000108432e-117
GABRA5,0.14688453872616689,3.6582278153921115e-118
ARMT1,0.14701428772252526,2.2680318127200792e-118
RAMP2,0.14773648027109101,1.5722651997552612e-119
SLC39A6,0.14794866366981704,7.15890324291078e-120
MSLN,0.14805670528302609,4.793698699119873e-120
KCNK6,0.14868153772602025,4.685657242010615e-121
MAGED2,0.15097366322649325,8.474516940303651e-125
NEUROG2,0.15108917793313711,5.469134812502624e-125
CST9,0.15196502728693878,1.9538167566135375e-126
LINC00482,0.1525898711252553,1.791479482769639e-127
CDKN2A,0.15284970760345995,6.612948467163306e-128
PDK4,0.15313172684200402,2.2374720128783864e-128
GJB3,0.15314302152736609,2.1423479824144687e-128
COX7B2,0.15324048626038458,1.4723677421285378e-128
GFRA1,0.1535083902700027,5.2452117900244873e-129
SNX10,0.15657330838178882,3.414405173833853e-134
PRSS23,0.1569070800869406,9.162809873614015e-135
ACP5,0.15711036768757936,4.106347582721308e-135
NPY1R,0.1571450504078568,3.580459599831476e-135
ISG15,0.15813001676901667,7.210269319910552e-137
IGHA2,0.15813525298842734,7.061642174773063e-137
PLIN5,0.15837597916395066,2.7083361770869414e-137
IGHM,0.15884889640377833,4.103178125213683e-138
KISS1R,0.1591189830989941,1.392839506778095e-138
SDR16C5,0.15964708719659365,1.6749994352661097e-139
NEUROD2,0.15988980013373877,6.312026228300864e-140
HLA-DMB,0.15996141585286053,4.73127596231475e-140
PODXL,0.16020904826518442,1.7443829483868804e-140
IGLV7-46,0.1608755713835691,1.1797369341382971e-141
BMPR1B,0.1610920272011327,4.906513486717723e-142
KLK7,0.16148650717363883,9.88583663500091e-143
IFI6,0.1621740841262589,5.998375008758843e-144
LINC01468,0.16236503145879727,2.748536563364233e-144
COX6C,0.16329671811337387,6.016451685533052e-146
TIMP3,0.1636924138694772,1.1786994337421645e-146
STC2,0.16481956409103887,1.1090234153358316e-148
DAPL1,0.16520647104948444,2.2179901094359014e-149
CHI3L1,0.16522782937172387,2.0291944664385833e-149
SCGB3A1,0.16640710880907209,1.4652466472722906e-151
AGR2,0.16902148512917148,2.297603825269122e-156
FBP1,0.17081391309037838,1.050725880296862e-159
KRT14,0.17180510650100034,1.4408819420740616e-161
C17orf89,0.1728368033797376,1.612610147783879e-163
IFIT1,0.17296036777416268,9.397679528361366e-164
AMN,0.1732420457973921,2.740121336134913e-164
AKR7A3,0.17438301002692924,1.8207250413532926e-166
XAGE5,0.17512958836477852,6.717396942863104e-168
SCUBE2,0.17701906609192095,1.4837312606758496e-171
MGP,0.17790821182465352,2.7326205871501413e-173
CXCL17,0.17803056100593695,1.5745117855113573e-173
XDH,0.1785618249232942,1.4303749535213279e-174
SPON1,0.18027197125985212,6.022702945996492e-178
RP11-462G2.1,0.1805568065942688,1.6376745564874276e-178
CALB2,0.1811005204945385,1.3551860259914842e-179
PSCA,0.1828113089340764,5.06004497336631e-183
GADD45G,0.18316784871872055,9.670308644159666e-184
TMEM213,0.18516322536728763,8.620928721457663e-188
STARD10,0.186035259759004,1.415530119118881e-189
ISLR,0.1873320495529799,3.0229242173828505e-192
FBP2,0.18858251080396413,7.700705753705895e-195
SMOC2,0.18950576496945953,9.109811352745294e-197
TMEM211,0.19160145598334286,3.5310060069246636e-201
RP11-54H7.4,0.19168286191893233,2.3740011926461953e-201
NDRG2,0.19412840074950627,1.442527322940651e-206
KLK10,0.1943931742906982,3.891272559417258e-207
MIA,0.19444651295666976,2.9878512539855763e-207
TRH,0.19484037656723033,4.2374093421596564e-208
AQP3,0.19495776335959797,2.3655308887151055e-208
PIGR,0.19765940138112206,3.1753682584516595e-214
EPCAM,0.19868189576521986,1.805542035761751e-216
TMEM105,0.199660683604223,1.2464290779746937e-218
HULC,0.20020674627610757,7.67532933260563e-220
TIMP1,0.2006157885160291,9.4611850105008e-221
MMP7,0.2008906677324983,2.3113281888631375e-221
FDCSP,0.20102253396481257,1.1746492903140035e-221
HIST1H2BD,0.20179505699442404,2.2060811123415755e-223
HLA-DQA2,0.20359393901603678,1.977059635779977e-227
TSPAN13,0.20362911206364234,1.6462278565104606e-227
SLC26A3,0.20428108629483835,5.4904961847717984e-229
JCHAIN,0.20502334658104004,1.1271356505797963e-230
MLLT4,0.2050750996905063,8.591326685896936e-231
PLCXD3,0.2051048276347555,7.350426065482459e-231
CAPS,0.20585120845955507,1.4516822480802856e-232
PIP,0.20615922513461254,2.8610235936166506e-233
TACSTD2,0.2068876311140084,6.0803593682653286e-235
HORMAD1,0.2098702011172927,7.383327729862012e-242
PTPRZ1,0.20988459222178818,6.8331675395611346e-242
ZG16B,0.21059990711097223,1.4449671428898817e-243
KCNJ3,0.2111140781094088,8.957582708975593e-245
HLA-DRB5,0.2119688741908609,8.656847422518316e-247
LINC01235,0.21323235825212453,8.768426592326759e-250
AZGP1,0.2134626872921231,2.4828395783008913e-250
ANKRD30A,0.21353631993473562,1.658187574733181e-250
OVOS2,0.21427281033835277,2.900368818614946e-252
SCGB2A1,0.21531962761992243,8.984023889261156e-255
AQP1,0.21696991618704925,9.351644188091037e-259
IGLC2,0.21731331059927075,1.3740241951801813e-259
IGLC3,0.2174971293307109,4.9153356844068245e-260
LCN2,0.21815180880890123,1.2536160071333981e-261
HPD,0.21830995441996026,5.157912042805422e-262
HLA-DQB1,0.21885162899405883,2.4495907717968908e-263
HLA-DQA1,0.21999760555021083,3.7795819431257e-266
AQP5,0.22081154403115874,3.7208004340506384e-268
SCGB1D2,0.2209732870241085,1.482105418893024e-268
AC005152.3,0.2237596315376969,1.7124036658277974e-275
XBP1,0.22716228509812555,4.281858355806244e-284
KRT6B,0.22778065627147423,1.129667417111892e-285
MAL2,0.22879244847836175,2.8815095393864535e-288
HLA-DPA1,0.23160371882321676,1.5383559865102806e-295
KLK5,0.23286149012783386,7.967411766421118e-299
SCGB2A2,0.2330787250212086,2.146929620559159e-299
LINC00993,0.23314831433889116,1.4101280501989318e-299
C1orf64,0.2352463213293959,4.1387341201714385e-305
GRIA2,0.236127077174632,1.896090086814087e-307
IGKC,0.23824685134599002,0.0
GPRC5A,0.2383380288017192,0.0
HLA-DRA,0.24051770146989848,0.0
AGR3,0.2465395414193694,0.0
TNFRSF11B,0.24724105898093895,0.0
SCGB2B2,0.2475104573549017,0.0
KLK6,0.250285090409191,0.0
C2orf40,0.25332535222103747,0.0
LYZ,0.2541737777380627,0.0
HLA-DPB1,0.25559077324802804,0.0
CALML5,0.2609678832616983,0.0
CXCL13,0.2625747741302234,0.0
NME1,0.26445299164225144,0.0
HLA-DRB1,0.2684196081415404,0.0
H2AFJ,0.2687456226113711,0.0
C6orf15,0.269003427292064,0.0
NBL1,0.2691667981386794,0.0
FOLR1,0.27105037630163453,0.0
PHGR1,0.27459742309043017,0.0
LEMD1,0.27467432826120736,0.0
FXYD3,0.275238827692258,0.0
SAA2,0.275513087407958,0.0
SLITRK6,0.27794513862403875,0.0
ZNF90,0.2813851477948014,0.0
PRSS21,0.2819078247764299,0.0
GAL,0.2849372342529953,0.0
TMEM123,0.28559002656843824,0.0
HMGCS2,0.28584280091398195,0.0
IGHG3,0.28584376927594674,0.0
WFDC2,0.28725024466578214,0.0
MYBPC1,0.2923838160508005,0.0
SAA1,0.30016994263175695,0.0
IGHA1,0.30755119353349253,0.0
SCGB1B2P,0.36360454902055794,0.0
RPS20,0.36752427384068975,0.0
RPS17,0.39164785612632164,0.0
MRPL12,0.40803123565574106,0.0
RPL13A,0.42943547059072135,0.0
NDUFC2,0.43375948661768304,0.0
IGKV7-3,,
IL3,,
FNDC9,,
IL17A,,
IL17F,,
TRGV11,,
TRBV11-1,,
TRBV6-8,,
IL22,,
TRAV40,,
TRDV3,,
CTD-2008A1.3,,
RP11-20G13.3,,
IGLV3-6,,
IGKV1-13,,
IGHV3-65,,
IGHV3-75,,
IGHV3OR16-6,,
IGLV2-33,,
IGLV3-12,,
AC136616.2,,
AC141272.1,,
TCF21,,
RP11-362A1.1,,
MMP8,,
IGLV2-34,,
TRBVB,,
RP11-367J7.3,,
RFPL4AL1,,
RFPL4A,,
IGHV3-60,,
IGLV3-24,,
SFTPA1,,
RP11-294C11.2,,
IGHV3OR16-7,,
IGLV7-35,,
SLCO1B7,,
