gene_symbol,ig_mean,n_cells,ig_rank
KLF4,1.5596816715072184,17,1
CD44,1.3348585565884907,24,2
MYC,0.7004214907065034,64,3
FN1,0.6837992114680154,14,4
VIM,0.5205548081833583,52,5
SOX9,0.3621012508211767,34,6
EPCAM,0.34024202849781304,57,7
LIN28B,0.2795575418594209,11,8
ERBB3,0.2322482088242065,11,9
ZFP36L2,0.13106302682448318,27,10
TFAP2C,0.12582495606814822,12,11
TOMM22,0.10872389044379815,22,12
CYB5A,0.1075484073037242,47,13
TFAP2A,0.10251183876728949,12,14
VTCN1,0.09115667389282449,11,15
NDUFA1,0.08730799095197157,11,16
NR4A1,0.0830803493303912,35,17
EIF3H,0.07921616511272364,76,18
DDX5,0.07889453843235969,10,19
RAB25,0.07477846902029048,31,20
SCGB2A2,0.0725947373404937,46,21
EFNA1,0.06999986505090622,36,22
PIP,0.06730156477163385,29,23
TNFRSF12A,0.06666418950299959,37,24
HNRNPU,0.06202848022803664,32,25
MCL1,0.06142238558580478,12,26
EFHD1,0.05852878829630624,28,27
EHF,0.05778090948505061,14,28
SMDT1,0.05755954080571731,12,29
PRSS8,0.057523765761288814,12,30
ASS1,0.05668405966935097,16,31
COX8A,0.053708029640427625,34,32
PPDPF,0.05243513827176335,104,33
TSTD1,0.0519191112775909,69,34
SERPINE2,0.050165529034155255,17,35
ATF3,0.04943277797706071,42,36
EZR,0.048908407506705436,27,37
FOSB,0.04885526640074594,28,38
LMNA,0.047865069566819914,78,39
ALDH3B2,0.047594118677079675,15,40
CNBP,0.04550783511444505,53,41
NDUFB10,0.04535229573482458,49,42
CRB3,0.04504027432163379,14,43
SCGB1D2,0.04419258709972853,29,44
IRX3,0.044048657627879746,18,45
SELENBP1,0.043722147265119325,12,46
S100A4,0.04357655871320854,22,47
SDC1,0.04328760167802958,17,48
RBM8A,0.043265595411260925,36,49
EGR1,0.04284027581544299,19,50
PFN1,0.042209588554362916,43,51
PLAU,0.04163588253625979,12,52
EIF4B,0.04122884182826332,23,53
RPL32,0.040684175425888716,37,54
CLU,0.04047215897994845,23,55
ANKRD30A,0.039245261931791904,25,56
PKM,0.03892129915766418,58,57
HSPA8,0.038158532814122736,40,58
LITAF,0.037709553973400034,32,59
APOE,0.036915013058619064,11,60
CA12,0.036774281218337514,15,61
FTH1,0.036631495924666524,132,62
SOD2,0.0363017193487157,23,63
GABRP,0.03625917427813296,11,64
PCBP2,0.035158229663091546,51,65
RPS7,0.03447434859835122,73,66
SERBP1,0.03444581151319047,60,67
JUNB,0.034426626692892925,33,68
H4C3,0.0343524444506329,16,69
RPL10,0.03425369125005661,51,70
CALML5,0.03421856419470928,68,71
CARHSP1,0.033861780566546845,17,72
PPP1R15A,0.03382320407157143,24,73
UFC1,0.03377644016555595,44,74
UQCRQ,0.033665117052993895,29,75
TPM4,0.03291637384716202,34,76
TKT,0.03276055516606128,27,77
RPL39,0.03275757507799426,32,78
SPINT2,0.03235763600505479,91,79
CALM2,0.03227842129557065,71,80
RPS27L,0.03220714200288057,20,81
HAGHL,0.032101235766758156,17,82
CKB,0.03208537141538479,11,83
ACTG1,0.03144549091786637,91,84
PRLR,0.030542113044897894,14,85
TIMP3,0.03049298783298582,24,86
MLPH,0.030301360434598544,22,87
FOS,0.03029467349617996,44,88
RPS12,0.030118470139141325,79,89
MUCL1,0.030107954871314374,23,90
LSM8,0.029963336390210316,16,91
MICOS13,0.029654915493569876,19,92
OAZ1,0.029067002719135156,28,93
KRT18,0.028685591464756795,53,94
AZGP1,0.028447290170218117,55,95
CYP4Z1,0.02839689832347046,14,96
S100A10,0.028350575640797616,60,97
BAMBI,0.028042976748950493,26,98
SKP1,0.02740907685502487,17,99
PPP1R1B,0.02729770371859724,22,100
RPS27A,0.02727687177837562,81,101
HSP90B1,0.027222547662229493,52,102
GNAS,0.0271931649430802,19,103
ZFAND5,0.026978928172452885,22,104
SRSF2,0.026948601959030264,46,105
PHLDA1,0.02678693487848106,19,106
PDZK1IP1,0.026628848537802695,10,107
RPS17,0.02646256974410443,42,108
CAV1,0.02640910019082102,22,109
CLIC1,0.026394727772900035,21,110
TUBA1B,0.026253411350281614,38,111
VAMP8,0.026204276336904836,17,112
CAPN8,0.026009531681087206,22,113
GAPDH,0.025937558848248877,115,114
NHSL3,0.025867143699612755,13,115
SLC25A5,0.025483972463531023,66,116
NBEAL1,0.02540861163288355,41,117
PYDC1,0.0254078511137604,21,118
ZFP36,0.025376106367613643,39,119
S100A13,0.025331151896879373,38,120
RPL10A,0.025198077522218226,50,121
SFRP1,0.024835582132384713,28,122
TMEM219,0.02464833771701642,43,123
TPM2,0.024414939586730564,17,124
CLPSL1,0.02420730123636671,13,125
RPS4X,0.02417478076576327,65,126
ATP1B1,0.024064314656023836,29,127
RPS15,0.024009031392633915,25,128
RPL22L1,0.023900494289894898,45,129
IGFBP5,0.023878099590850372,24,130
NONO,0.023775550140999257,10,131
RPS3A,0.02355066747232168,54,132
JTB,0.023455685309926866,57,133
SLX9,0.02332170344986177,18,134
YWHAZ,0.023239021714872275,39,135
RPS14,0.022954530268907546,25,136
GPRC5A,0.022803257840375107,24,137
DSP,0.022797455235073965,24,138
ITGB1,0.022778749640565366,16,139
PLP2,0.022772425971925258,15,140
FXYD5,0.02276912033557892,10,141
SET,0.022741177429755528,18,142
CLDN3,0.022737482649401997,51,143
NFKBIA,0.022712173419339315,35,144
RPS11,0.022588184876543172,53,145
PSMA7,0.02236883034138606,78,146
TRIB1,0.02232780245443185,21,147
COX4I1,0.0222267145770328,34,148
CRABP1,0.022165884227993395,13,149
GDF15,0.022115237303436376,13,150
COX6A1,0.022088472012673385,23,151
TMC5,0.022086841203937575,14,152
H2AZ1,0.022060468605225335,49,153
RPL36,0.022038173116743564,30,154
ARPC1B,0.021978742054974038,24,155
LDHB,0.02189858274024753,53,156
DBI,0.02175932551472215,64,157
HLA-DRA,0.02163917094003409,16,158
SNRPF,0.021606744344656665,12,159
IER2,0.021392469477778266,53,160
PLAAT3,0.02135537005158077,29,161
APLP2,0.021351313493637877,22,162
SMIM22,0.02133189234882593,12,163
TPM3,0.021312289560834568,21,164
MT-ND4L,0.021305123672765845,85,165
SLC38A2,0.021302163634183153,14,166
CD24,0.0212888728227823,94,167
DUSP1,0.02120357510060645,26,168
TNFRSF11B,0.02117559185717255,24,169
CANX,0.021002390452971063,30,170
BCAM,0.020899606912280433,16,171
NAMPT,0.020533322744692366,12,172
NFKBIZ,0.020478879349927107,15,173
IGFBP4,0.020471343336006007,15,174
HLA-A,0.02046868587947554,36,175
MGP,0.02046130227898128,78,176
CALD1,0.020375118649099022,16,177
FTL,0.020206178013763544,67,178
IFITM3,0.020185481718120474,12,179
DNAJC1,0.020098959147747206,14,180
HSPD1,0.019968866675515614,63,181
TFF3,0.019948103465139866,10,182
RAD23B,0.01988525927828794,11,183
ROMO1,0.019851692602969706,11,184
XBP1,0.019775502807037396,44,185
EBAG9,0.019771851648469098,13,186
TXN,0.01974961870013082,47,187
GAL,0.019716702370295443,13,188
BHLHE40,0.01970786957880827,27,189
ASAH1,0.01969266330706887,16,190
TUBB4B,0.01965905031344543,24,191
MIF,0.019658883630685256,89,192
RPL9,0.019656766258942134,44,193
CRABP2,0.019573095083692447,47,194
GSTP1,0.019541367338970304,50,195
LAMTOR4,0.019478030735626817,16,196
MGST1,0.019476372092229095,94,197
BBLN,0.019440333681324355,26,198
COXFA4,0.01943542857810676,73,199
RPL15,0.019403133186180206,59,200
TIAL1,0.019370587639665853,12,201
PHLDA2,0.01936211912151502,49,202
BST2,0.019170806856473554,37,203
NPM1,0.01914475956665618,35,204
DSC2,0.019139097743512443,30,205
MT2A,0.019105706533247776,33,206
RPS25,0.019068100892410084,37,207
RPS23,0.01895131149545445,56,208
DDAH2,0.018949836635818847,13,209
ELOC,0.018945037581336994,36,210
SOD1,0.018937285128049552,30,211
BCAP31,0.018906766386783642,23,212
HSP90AB1,0.01890026847831905,92,213
ARID4B,0.018852057711531717,12,214
PDLIM1,0.018707579718186304,13,215
PERP,0.018578413445437845,72,216
RPL22,0.018554241470992563,50,217
ACTN1,0.018546745103473466,12,218
SELENOW,0.018523016446047126,47,219
CD59,0.018509348637113968,60,220
DUSP4,0.018484629669480702,22,221
SCGB2A1,0.01840020201724166,26,222
CALM1,0.018360971508977506,13,223
PABPC1,0.018347717288826757,85,224
HSPB1,0.018304735295447138,68,225
HSPA1B,0.01827376466244459,25,226
CTSC,0.018254578263232752,14,227
CNN3,0.018250941842173535,12,228
MT1X,0.01820006893065415,19,229
HLA-E,0.018198102119971405,11,230
ATOX1,0.01818405840869831,23,231
TMSB4X,0.018178027821704745,24,232
MRPL52,0.01808807255852466,13,233
MDK,0.01807205723943534,27,234
HMGB1,0.018008985461629167,49,235
C12orf57,0.017850031384215172,36,236
RASD1,0.017746935391591653,18,237
H1-0,0.017715410231367537,19,238
KRTCAP2,0.01770888175815344,25,239
FKBP8,0.017692256233810138,12,240
PLPP2,0.01764404237474082,16,241
FABP5,0.017630302923775855,21,242
PLEKHF2,0.017608192446641625,10,243
CD9,0.017601422465164572,52,244
PRDX1,0.0175613698953677,87,245
CLDN4,0.01754729272797704,65,246
RAB11FIP1,0.017502249980514698,22,247
PRKRA,0.017500240131854437,13,248
S100A1,0.017474396762231156,27,249
MT-ND5,0.017470412622687632,58,250
S100A14,0.017441081131498018,30,251
SELENOM,0.017339638195227127,37,252
RPS16,0.01731389804211046,70,253
NACA,0.017210240063902277,52,254
MARCKSL1,0.017154169015287022,56,255
COX5B,0.017148824975204965,30,256
RPL13,0.017117712335030157,62,257
HSPE1,0.01708027322144647,56,258
GADD45GIP1,0.016986524198728148,32,259
RPLP0,0.01697501175571233,100,260
UQCRHL,0.01694089631739728,27,261
UBC,0.016911965779339275,30,262
HES4,0.016894051525741815,10,263
YBX1,0.01671036286585915,76,264
TRPS1,0.016699527099262923,16,265
FSCN1,0.016677002289465497,35,266
CCT3,0.01666018721317091,62,267
KLF6,0.016654765106634134,45,268
RHOB,0.016616457915995596,57,269
RPS19,0.01648681765830476,73,270
CENPW,0.01640816908911802,16,271
COX7A2,0.016362652439167912,49,272
RPS28,0.016280221765757434,36,273
LRRC26,0.016271168051753195,10,274
PDIA6,0.01624939442965491,58,275
ATP1A1,0.016180075305913175,14,276
RPL27A,0.016051734736677082,42,277
HMGN2,0.016018989665264435,33,278
ATP5MF,0.0160102681857684,31,279
HMGA1,0.015996269162537324,45,280
CCNO,0.015994318760931492,11,281
ELF3,0.015907629613171926,55,282
OCIAD2,0.015788273862563075,10,283
ALDOA,0.015761262525793636,87,284
CTSB,0.015756888972485766,17,285
HSD17B10,0.015750293037854135,19,286
GLUL,0.015742791838766562,21,287
IER3,0.015683955768303524,31,288
MT-CO1,0.015600031115844524,104,289
MAP1LC3B,0.015531473094597459,12,290
CSTB,0.015469806260873818,88,291
SRSF3,0.015443631261587144,10,292
BLVRB,0.015433003266270343,13,293
ATP6V0E1,0.01541983156154553,15,294
NINJ1,0.015398782586479294,14,295
ADIRF,0.015396394320608428,12,296
ARLN,0.015393075694899179,18,297
ATP5MK,0.01538609026465565,38,298
RND1,0.015374023409094661,12,299
YWHAQ,0.015303940077992304,63,300
MIEN1,0.015276445847121067,24,301
JUN,0.015164426870971047,47,302
SDCBP,0.015124820390095313,15,303
IFI6,0.015038456205123415,12,304
CDK6,0.014965408854186535,10,305
PPA2,0.014893170911818743,10,306
MACROH2A1,0.014864242170006037,18,307
CRIP2,0.014813006803421165,67,308
ACTB,0.014767599186978177,67,309
HID1,0.014763888297602534,10,310
FAU,0.01474707182901709,23,311
FLYWCH2,0.014723966399946347,29,312
CDKN1A,0.014651209761557931,22,313
ZFP36L1,0.014634551065973937,50,314
PRPF40A,0.01458774542476496,23,315
NHERF1,0.014555050487009188,24,316
THRAP3,0.01453694268129766,10,317
DNAJB1,0.014340382821079934,41,318
HIGD2A,0.014321018578758574,17,319
MAGED2,0.014315271284431219,12,320
PYURF,0.014256784933968447,20,321
SELENOH,0.014252794953316206,46,322
IRF1,0.01422769365100456,14,323
DBN1,0.014186502550728619,11,324
RPS20,0.014154665399639105,44,325
RWDD1,0.014122271118038852,18,326
MT-ND3,0.014118381473235787,40,327
CCNC,0.014079926444710941,21,328
MAD2L2,0.014076902315719054,10,329
TUBA1A,0.014065025801149508,12,330
CIAO2B,0.014060397797852363,19,331
TMEM59,0.01392514809138245,45,332
MYL12A,0.013858127882704139,25,333
RPS5,0.01382871167973066,78,334
RPS2,0.013788938131377411,60,335
B2M,0.013784690819776211,39,336
ANAPC11,0.013757077957373387,68,337
SNRPD2,0.013753708557591641,35,338
EIF5,0.013736775139873118,46,339
SLIRP,0.013715041708885966,17,340
ATP5MC1,0.013709337576680506,36,341
MTCH2,0.013648634059102955,37,342
KLK6,0.013630988808082682,14,343
TIMP1,0.013592174692478563,28,344
NDUFS6,0.01356410117061328,31,345
HNRNPA0,0.013548926266498472,19,346
ANXA1,0.013547740341164172,20,347
DSTN,0.013543923963258816,82,348
ATP5IF1,0.01353305219931321,18,349
MT-ND1,0.013507704393217159,93,350
CHCHD2,0.013476673416265,104,351
RPLP1,0.013435788467912135,99,352
CYB5R1,0.013400696657217022,11,353
RPL37,0.013308945433458402,42,354
ERBB2,0.01329992842511274,10,355
SERHL2,0.01327533192982498,14,356
POLR2F,0.013225459117058884,34,357
SRP14,0.01321175420483531,43,358
SPSB3,0.013211409684599322,17,359
TUBB6,0.013196812476962805,12,360
GRN,0.013183110139586708,11,361
ZCCHC17,0.01317588227102533,20,362
RPL18,0.01317429194589042,72,363
PSMC5,0.013170612061263196,14,364
CSRP2,0.013169235404348001,16,365
HES1,0.013166098962896146,13,366
DYNLRB1,0.01314639827251085,32,367
RPL13A,0.0131459593346032,48,368
ANXA2,0.013103757402859628,52,369
BTG2,0.013087342078021418,30,370
UQCR10,0.013066936292064686,15,371
MAF1,0.013051887889477339,11,372
COL6A1,0.013031076440321547,14,373
EIF4G2,0.013015391654334962,12,374
HSP90AA1,0.013010460206545716,86,375
CCNL1,0.012908485781570727,22,376
HEBP2,0.012882974519229987,34,377
SAT1,0.012873512207685659,24,378
TBCA,0.012841229419396057,23,379
KRT7,0.012806878200665648,56,380
RPL8,0.012780362032353878,75,381
RSL24D1,0.012725994332383077,15,382
COL6A2,0.012678209119118176,13,383
UBE2D2,0.012633869328419678,20,384
HLA-DPB1,0.01263250976002642,21,385
TMEM141,0.012605180125683546,10,386
EIF5A,0.01260270663586102,38,387
PARL,0.012575749126780365,18,388
PTMA,0.012493256176821888,90,389
CST3,0.012490437919041142,16,390
RPL24,0.012454129111788729,51,391
RPS6,0.012438101600250833,77,392
CD99,0.012434617891399697,11,393
MFGE8,0.012418996867684958,24,394
CD55,0.012410269218630024,14,395
LGALS1,0.012387261535464362,22,396
RPS18,0.012341300381295797,72,397
NDUFB9,0.0123412904108218,61,398
HMGN1,0.012318454639937141,38,399
PFDN4,0.012310424463066738,16,400
HDDC2,0.012299300757669178,28,401
PLSCR1,0.012239297799533233,10,402
RPS13,0.012208077092573308,57,403
MAFF,0.012160004763006183,19,404
DDIT4,0.01213210862239494,17,405
POLR2L,0.012127387104555964,16,406
ZNF428,0.012102416614652611,16,407
NUPR1,0.012091245589544997,20,408
ABRACL,0.012084940705319932,29,409
GPATCH4,0.01207780052209273,12,410
GABARAP,0.01207096019708034,36,411
PSAP,0.012069338450341352,28,412
GADD45B,0.012043928766312698,15,413
CDKN2A,0.012033984000721065,19,414
RO60,0.011976345598948402,13,415
CUTA,0.01196225808349018,51,416
TAPBP,0.011958699292418632,11,417
NPC2,0.01195799927227199,10,418
TMEM258,0.011927444745149268,19,419
CD164,0.011925171568779456,31,420
RPL7,0.011837371049519136,53,421
EGLN3,0.011814205695620993,11,422
SLC50A1,0.011810805899305986,13,423
SERPINH1,0.011810202794593005,21,424
TALDO1,0.011805172815608481,24,425
NHP2,0.011748943455694686,42,426
FKBP2,0.011691376678010618,22,427
GAS2L1,0.011686613192208685,13,428
GPX1,0.011676302098709604,46,429
DAPK3,0.011674929514992983,10,430
EIF1,0.01167225648338596,15,431
KRT8,0.011621477684694464,46,432
PEG10,0.011619833210716024,12,433
CYP4X1,0.011609187279827893,10,434
CRYAB,0.011600881415818418,21,435
IRF2BP2,0.011549490629337154,26,436
NOP16,0.01154422148829326,12,437
PNPLA2,0.011544020019324594,19,438
RPS8,0.011502370298004303,78,439
STAU1,0.011488189678639174,25,440
THOC7,0.011462468723766505,10,441
NUCB2,0.011424920366456112,27,442
SLC12A2,0.011420314371781913,19,443
ASPH,0.011373514519425842,33,444
UQCRB,0.011330737147797296,47,445
RPL37A,0.011327991175443627,43,446
RBP1,0.011327141721267253,10,447
BICDL2,0.011295115216635168,25,448
KRT19,0.011275003376303593,74,449
PMEPA1,0.011261045394348912,32,450
SF3B2,0.01123815972317496,23,451
LMTK3,0.011229431227548048,14,452
LGALS3BP,0.011227278717948744,12,453
GDE1,0.011184944612129282,15,454
RPL38,0.011177453809068538,32,455
S100A16,0.01116895010983128,42,456
TOMM5,0.011163938573251169,15,457
FUNDC2,0.011137989201498303,11,458
COX7B,0.011134077198221348,24,459
NOP10,0.011126787558896466,10,460
CCDC86,0.011104625673033297,10,461
ATF4,0.011086649703793227,20,462
RPSA,0.011054983118367268,41,463
GPS1,0.011051760901781645,11,464
TPD52,0.011047035516974958,19,465
NDUFS4,0.011003887790138833,12,466
ATG5,0.01099059033440426,30,467
SELENOP,0.010984550404828042,16,468
SBDS,0.010971085696170727,15,469
MT-CO2,0.01096052942577646,108,470
ZG16B,0.010942587052905482,29,471
NPDC1,0.010920883943874608,17,472
KRT6B,0.010899349379663666,15,473
TUBB3,0.01089057173918594,11,474
WDR43,0.010890164831653237,10,475
RPL31,0.010879828725151267,33,476
CYCS,0.0108241357449244,47,477
ACTR2,0.010818883607333357,11,478
RPL30,0.010817103847541441,99,479
SPCS2,0.010801751728815196,44,480
SLC1A5,0.010795075632631778,15,481
SERF2,0.010760028997125725,75,482
SRP9,0.01075298323731629,62,483
PPIB,0.010748882106002253,56,484
NPM3,0.01074028373337709,13,485
GLRX3,0.010738343091519631,23,486
PTMS,0.010736645537246837,41,487
SNRPB,0.010730315198156017,27,488
UBE2J2,0.010723365176818333,10,489
EIF3J,0.0107175405243073,11,490
ANKRD54,0.010712994584956994,13,491
RCN1,0.010689787546415691,23,492
ATF5,0.01065277280709283,11,493
CNIH4,0.010651895985938608,35,494
NDUFA2,0.01063603192398494,11,495
ARF1,0.010622444572885904,68,496
RARRES1,0.010616685821739164,47,497
H3-3B,0.010589804157709957,44,498
SDC4,0.010581342185932126,22,499
SH3BGRL,0.010577796155121177,15,500
SERTAD4,0.010577437172677102,21,501
CBX3,0.010570780137855122,34,502
H2AX,0.010556847545861578,12,503
IDH2,0.01054685873289903,36,504
UQCRFS1,0.0105461606016273,17,505
SPDEF,0.010533615322360261,44,506
VCF2,0.010533282242249697,12,507
TCIM,0.010529598179605923,14,508
MYH9,0.01051289438813304,12,509
SRP72,0.010504879309640577,12,510
TSPO,0.010492199582272562,58,511
UBALD1,0.010484235009733731,13,512
YBX3,0.010483193839900196,20,513
COPG1,0.01047605441205881,11,514
EPHX1,0.010470289585646242,10,515
MT-ATP8,0.010441593578041255,74,516
MTRES1,0.01043985801822457,19,517
CLDN7,0.010398808977611008,21,518
TM4SF1,0.010398302539741914,38,519
MRPL12,0.010385570367798209,25,520
C19orf53,0.010383697324967314,37,521
APEX1,0.010363505408167838,10,522
RACK1,0.010354640916274447,36,523
MAGOHB,0.010332966589235834,14,524
NUCKS1,0.010332607309288916,62,525
NME2,0.010327072669973686,21,526
SRI,0.01031228878305339,41,527
PPIA,0.01030962108640292,99,528
ATP5MJ,0.010294892319227355,26,529
HADHA,0.010285227976661796,12,530
LSM3,0.010283515292771713,27,531
PARP1,0.010235365200060187,32,532
CCND1,0.01022429786124185,57,533
RPL11,0.010204765707888502,47,534
GOLGA5,0.010190729866735637,11,535
SMIM14,0.010181171505246311,20,536
NDUFAF3,0.010133339943805416,19,537
SERTAD1,0.01012921073523007,19,538
MRPS24,0.010123213329775766,11,539
SNRNP40,0.010096920056429762,13,540
PNKD,0.010095651559822727,16,541
RTN4,0.010083178655268291,39,542
SSNA1,0.010081649984515804,14,543
GNG5,0.010075511246395764,40,544
SND1,0.010068640327797486,13,545
IFRD2,0.010045499354115842,12,546
FIS1,0.010034323395302636,32,547
HNRNPF,0.010012935918395317,31,548
PPP4C,0.009993153873365372,25,549
MRPL51,0.009982804935134482,48,550
RBM39,0.009950632803208594,14,551
SNRPD1,0.009944321837759128,27,552
CD151,0.009940601883162916,54,553
ENAH,0.009936407227069139,25,554
MAP3K8,0.009916598836962994,13,555
TIMM23,0.009916026856646769,18,556
RPL12,0.00991560667171143,48,557
ATP6V0C,0.009891505391957859,24,558
RPS15A,0.009889120480775919,44,559
C14orf119,0.009872783994069323,10,560
NOL3,0.009869263581508263,11,561
GID8,0.009844400074430987,19,562
DEGS2,0.009831845630995102,27,563
CLPTM1,0.00982568580989859,14,564
LAPTM4A,0.009812930902828358,36,565
RPL19,0.009805689226803287,57,566
MT-CYB,0.009802638628819048,88,567
SSR3,0.009801510943446395,43,568
RPL18A,0.009795835232720353,78,569
S100A6,0.009792316891908856,71,570
EEF1A1,0.009777648691741022,82,571
FASN,0.00976510652496169,21,572
DERL2,0.009760737471515313,10,573
UCHL1,0.00975777325220406,13,574
TUBB,0.009748538355490872,63,575
DYNLT1,0.009745103633031249,30,576
HERPUD1,0.009744830538208286,30,577
CCDC85B,0.009739192837679928,11,578
NFIB,0.009733617090835022,13,579
SPTSSA,0.00972424574662,50,580
TPT1,0.009715868842913694,63,581
FKBP1A,0.0097148816450499,30,582
RND3,0.009710703324526549,10,583
TPM1,0.009703165419670123,31,584
TOMM7,0.00969356343439604,37,585
IRS2,0.009691957469013605,11,586
NUBP2,0.009682779528454623,11,587
PEMT,0.00966251710196957,10,588
PGAM1,0.009662115412841862,24,589
COMMD6,0.009632563909100418,37,590
MMADHC,0.009571877971757204,25,591
SSR1,0.009552610999283692,12,592
SMC4,0.009549838677048682,10,593
OST4,0.009534514724062039,26,594
ARF4,0.00953119854006837,47,595
TMA7,0.00952903962849329,15,596
PRDX6,0.009523945768311058,53,597
HLA-C,0.009523920449909979,29,598
PIN1,0.009521161936308172,11,599
NUCLEOLIN,0.009519524675292464,52,600
MT-CO3,0.009518623760769791,92,601
RPL4,0.009516068963303922,62,602
SQSTM1,0.009480177728540224,46,603
TRIR,0.00946940179980759,35,604
SIVA1,0.009447813453765488,38,605
ZNHIT1,0.009404110126423702,36,606
ILF3,0.009402112806371102,15,607
RPA3,0.009387098354636692,16,608
NDUFA6,0.009376677822067657,11,609
SF1,0.009375500775474523,14,610
POP7,0.009361730961245485,20,611
MT-ND2,0.009360010092875556,69,612
TUBA1C,0.009356819782018041,24,613
RPS26,0.009343195834662765,40,614
TUSC2,0.00932173642407482,12,615
RPS19BP1,0.009319007499327295,19,616
CRACR2B,0.009300790430078733,29,617
DDX21,0.00929049402475357,27,618
FAM204A,0.0092735689608022,13,619
SMIM26,0.009268240733945277,16,620
MRPL55,0.009244455892864304,18,621
PAICS,0.009230249704649815,13,622
DDRGK1,0.009222666321875295,16,623
CHI3L1,0.009199587840703316,15,624
PSMF1,0.009195573291175865,14,625
BRD2,0.009194821891061768,29,626
ERGIC3,0.009184302016644953,52,627
RPL28,0.009182664432695933,63,628
SLC27A5,0.009180198924150318,10,629
HNRNPAB,0.009170398631665324,14,630
MPC2,0.009165640350203124,49,631
RPS21,0.009152741252557573,66,632
RSU1,0.00914471020671324,13,633
MDH2,0.009134591928657705,73,634
FHL2,0.009127867796147862,12,635
RBM3,0.009106634381873112,31,636
P4HB,0.00910397563397104,74,637
PSME2,0.009102384887889704,22,638
EDF1,0.009101374633610248,20,639
TRMT112,0.009096603312562885,28,640
HOMER3,0.009086185452443633,11,641
RPS3,0.009080232630722315,82,642
SNRPG,0.009072744714917223,38,643
CAST,0.009072178974747658,10,644
DENR,0.009059475641697646,10,645
FLNB,0.009056072193197906,10,646
MRPS30,0.00903415431877455,13,647
SRSF7,0.009016582579351961,15,648
MESP1,0.008982164681785636,18,649
COA5,0.0089820114874535,11,650
ZCRB1,0.008966882782433891,21,651
ANAPC5,0.008951971743954346,12,652
CHCHD10,0.008951138767237165,58,653
RPS27,0.008946090050402188,31,654
SUMO1,0.008939995309980265,29,655
LYRM1,0.008929833845468239,15,656
RPL29,0.008924804500091577,46,657
ELAPOR1,0.008922774330130778,16,658
TOMM40,0.008922227764560375,40,659
EIF3M,0.00891837073002188,21,660
FN3K,0.008903647441184149,10,661
TOP1,0.008900879882276058,17,662
LAMTOR1,0.008895799782211807,22,663
STARD10,0.008895070661845453,17,664
SMIM15,0.008870336768897967,13,665
EI24,0.008864869751657048,33,666
ZC3H15,0.00885425136766571,16,667
CKS2,0.008853652953500083,24,668
NELFCD,0.008843099615270538,14,669
PFDN2,0.008837519314381228,56,670
ETFA,0.008829202246167423,17,671
RPS9,0.008818876743316651,45,672
PRRC2C,0.008814427698256843,33,673
CALR,0.008809789090746027,68,674
GTF2F2,0.008806897284971043,11,675
VASP,0.008803041046485304,10,676
KARS1,0.008782164480847617,15,677
YIPF3,0.00877522032105309,17,678
PRDX2,0.008760304608119603,39,679
PNRC1,0.00875649460297274,19,680
MT-ND4,0.008753058932987707,70,681
HNRNPA2B1,0.008752046385779977,40,682
ARSD,0.008749224687926471,10,683
IP6K2,0.00873915092961397,12,684
TCP1,0.008736526384821227,29,685
LDHA,0.008734909228091552,55,686
EIF1AX,0.008734299094482725,28,687
GSTO1,0.008731689113615588,11,688
VDAC3,0.008708879435046887,15,689
PEX13,0.008682659012265503,16,690
NOL7,0.008677658857777715,18,691
PPA1,0.008662884321806598,84,692
SYNGR2,0.008635531196853629,54,693
JUP,0.008613295940449461,12,694
AUP1,0.008605955388206481,22,695
TSPAN13,0.00860569874960359,49,696
LMO4,0.008602623728802428,20,697
DPY30,0.008594882911657569,27,698
RAC3,0.008583759694981078,24,699
ENO1,0.008577704218623694,48,700
CAPRIN1,0.008564584207935976,13,701
NECTIN4,0.008560571759180338,27,702
POMP,0.008555338903632317,37,703
TXNL1,0.008552613770589232,25,704
SLC25A33,0.00852809833466179,18,705
SEC61B,0.008505826641339809,28,706
LAD1,0.008501318833706055,22,707
DYNLL1,0.008496160988750704,51,708
DNAJA1,0.008490150591663631,29,709
GRB7,0.008486439801728059,19,710
AR,0.008463269397907425,24,711
PGK1,0.008462799776073856,24,712
NAE1,0.00846009380184114,10,713
ATP1B3,0.00844984536524862,32,714
SSR4,0.008442560117833725,41,715
RNPS1,0.00843542753516332,23,716
LGALS3,0.008401720944675617,32,717
PTS,0.008389707356400322,32,718
PPP1CB,0.008384431458332321,11,719
SEC61G,0.008356889292675381,42,720
IFI27,0.008333433851865786,28,721
HSPA1A,0.008331010380061343,40,722
TMSB10,0.008328041118058209,61,723
COPA,0.008327062527479773,11,724
ATP5MG,0.008322920562932268,24,725
KLK5,0.008292720158351585,16,726
ETFRF1,0.008289104715610543,12,727
MT-ND6,0.008276931448982885,26,728
RPL7A,0.008270613424462715,54,729
NUDT8,0.008270457542190949,18,730
SKIC8,0.008268086158204823,10,731
ITPA,0.008267657786536101,13,732
SF3B5,0.008235981708149548,23,733
ANP32B,0.008225651024582071,18,734
TCEA3,0.008224535098468716,11,735
SAYSD1,0.0082222965429537,10,736
CACUL1,0.008219976653344929,10,737
RHOV,0.008218863936649128,33,738
GPX4,0.00820832047768793,74,739
CNN2,0.008203070789862137,13,740
POLR1F,0.008174109197820403,14,741
MAPK13,0.008167911844793707,12,742
EIF4A2,0.008165598514356784,21,743
DHX29,0.008163263652628908,12,744
VAT1,0.008158373047730752,14,745
WDR5,0.008153165309605274,11,746
PDHA1,0.008151842522368367,14,747
EIF5B,0.00814518821425736,10,748
LRRFIP1,0.008139245212078094,12,749
TACSTD2,0.008136405718687456,32,750
MT-ATP6,0.00812929421372246,80,751
COX6C,0.00810654612723738,58,752
MREG,0.008103954267095436,11,753
AHNAK2,0.008098637596482322,21,754
RHOA,0.008085273848757004,52,755
S100A11,0.008083808673281683,97,756
STIP1,0.008076305712827227,11,757
COMMD1,0.008071047812700271,10,758
RPL6,0.00807046894367565,34,759
SMC3,0.008051571215037256,10,760
STK25,0.008051246920201396,14,761
PHB1,0.00804565369617194,25,762
ZNF706,0.008041462333898785,36,763
ESF1,0.00802437230013311,10,764
MRPS15,0.008022944654863423,39,765
DNAJB4,0.008019476220943034,10,766
GNL3,0.007985413055090854,12,767
HSF1,0.007978706091914015,24,768
ARL3,0.007968486545988444,11,769
MRPL18,0.007960243946978484,22,770
LMAN2,0.007957627512759677,19,771
GCAT,0.007945104612736032,20,772
CLTB,0.00793792001059046,16,773
ANXA5,0.007935602228495885,11,774
TAGLN2,0.007929304792238669,69,775
ADAM15,0.007925220669924536,33,776
QRSL1,0.007916810187069993,19,777
BZW1,0.007910864678426431,13,778
KHDRBS1,0.007909837974390635,12,779
DHTKD1,0.007909427850972862,10,780
SLC3A2,0.007905810058582574,20,781
TMBIM6,0.00790080671722535,20,782
CAV2,0.007894191364555256,23,783
TMEM165,0.007889291318133474,25,784
PRSS23,0.007888999305820713,15,785
RAB11B,0.007886275206692517,15,786
TMEM9,0.007883793841756415,32,787
RSL1D1,0.007882499230271648,42,788
IMPDH2,0.007867166919535712,19,789
UBA52,0.007854482162899027,60,790
GPC1,0.007853626022831751,13,791
FAM174C,0.007853398787119659,16,792
STEAP3,0.00784951935832699,15,793
TMEM9B,0.007849403530020605,11,794
DKC1,0.007839485188014805,16,795
FAAP20,0.007837232528760544,23,796
TXNDC17,0.007829272355108212,30,797
NGRN,0.007826564786955714,25,798
SARAF,0.0078028977538148565,15,799
SMARCB1,0.007800981098423815,18,800
KIN,0.007797771802870557,12,801
EIF4H,0.0077974069863557816,20,802
ENSA,0.007794611224777658,22,803
UCK2,0.007784880555024551,31,804
NECTIN2,0.007759439621059712,21,805
MFF,0.0077324489788484895,21,806
SLC39A6,0.007731766141880529,33,807
SCYL1,0.007716761234526833,15,808
PRXL2A,0.007714477926492691,10,809
UBE2D3,0.007685239985585212,10,810
ATP5F1D,0.007684741789426911,29,811
REEP5,0.007683474512305111,22,812
NOPCHAP1,0.007683168174340748,13,813
SELENOK,0.007672000812211384,12,814
TNFSF10,0.007665686089442008,18,815
INSIG1,0.007660853957834964,12,816
CFL1,0.007657091219898131,41,817
DNMT1,0.007655779301950877,11,818
SEC11C,0.00764786345534958,20,819
DNAJB6,0.007627574277908674,28,820
GATA3,0.007616209490648048,22,821
VMP1,0.0075953565338360415,35,822
GRHL1,0.00757401560258586,16,823
SELENOT,0.007572340855595509,19,824
HDLBP,0.007571073807775974,55,825
UBA5,0.007571071429993026,12,826
CLN3,0.007564481697045267,12,827
PRELID1,0.007561597498491979,39,828
RTL8B,0.007560599921271205,10,829
HINT1,0.00755564499247287,49,830
GOLPH3L,0.007549401044591584,11,831
MPST,0.007546553091378883,10,832
TMEM123,0.007514922487273536,54,833
COTL1,0.007510066755154791,24,834
TOMM70,0.007509589125850023,13,835
GSTK1,0.007503491422782341,15,836
NDUFA8,0.007503410591743887,10,837
RPL23,0.0074962290107376045,18,838
CD82,0.007490764511749149,25,839
DNAJC4,0.007489263713496792,17,840
MTDH,0.007486325501564092,70,841
LY6E,0.007482223098122631,32,842
PLK2,0.007477433674714782,11,843
RBBP6,0.007473970289408628,14,844
ATP5MC3,0.007470826622685073,54,845
RPL5,0.007469921833200549,44,846
TOB1,0.007466029015962373,33,847
SNAP29,0.007460339670069515,10,848
RALY,0.007460246702696447,26,849
BCLAF1,0.007456246514006385,14,850
CCT5,0.007453035246580839,50,851
COX7C,0.007452929499171053,12,852
TPI1,0.007444071513600647,75,853
KDSR,0.0074369608870862676,12,854
EMP2,0.007428888265470353,30,855
TUFM,0.0074284376078767,58,856
CTSD,0.007425762355086152,27,857
TXN2,0.007422224515775109,17,858
NOC2L,0.0074204221918162975,11,859
SLC25A25,0.007420336571522057,10,860
DNTTIP1,0.007417094416450709,10,861
ATP5PO,0.007415151055384841,18,862
APIP,0.007405859767459333,17,863
MRPL11,0.007402142862297801,18,864
RBM25,0.007397879613563418,12,865
NELFE,0.0073974950489803,13,866
PCNP,0.007395639604724506,17,867
GSPT1,0.007392135718772706,36,868
DEK,0.007385966703295708,25,869
TIMM13,0.007383596010705722,21,870
GLYATL2,0.007383456561141289,13,871
UBE2C,0.00738199595361948,10,872
UCHL5,0.007355050067417324,12,873
ARL8A,0.007343017350649461,12,874
RALA,0.007330136278390207,22,875
ARL6IP4,0.007327780161479798,18,876
FLAD1,0.007325095713467282,17,877
GLO1,0.007316420247661881,16,878
H2AC6,0.007316213042940944,14,879
DCXR,0.007306386154500376,38,880
CINP,0.007302198432047258,11,881
PPIG,0.00729006519952022,17,882
PYCARD,0.0072881174346548505,28,883
TMCO1,0.0072793118215486174,32,884
RPL14,0.007271144546067982,67,885
ENDOV,0.007267428872485955,12,886
MPG,0.007261375304403564,43,887
HMG20B,0.00725930265087465,22,888
RPLP2,0.00725657474201095,48,889
AHSA1,0.007244020790004959,13,890
TCEAL4,0.007240805542096496,16,891
NANS,0.007238468970172107,10,892
CEP57,0.00723794426607049,23,893
DEDD,0.007231402878567357,17,894
CDKN1B,0.0072300555607811975,11,895
SDHB,0.007229629656649195,16,896
UQCRH,0.007225384508757675,79,897
RALBP1,0.0072166268115064925,21,898
PSMD8,0.007199296631318118,35,899
MRPS35,0.007188340972788865,32,900
COX6B1,0.007183880615048111,20,901
DTYMK,0.007178354679906208,14,902
PDCD4,0.007173946204905708,18,903
GOLGB1,0.007169677678925486,13,904
PARK7,0.007167084935914587,27,905
PDP1,0.007163041292435743,11,906
MRPL21,0.007159670058172196,16,907
COX5A,0.007152427205626198,54,908
RPUSD3,0.007152316872687901,17,909
MRPL19,0.0071517101605422795,16,910
RPL21,0.0071464283973909914,38,911
RNF181,0.007132080043307864,13,912
IARS2,0.007126536578513109,13,913
CDC42EP1,0.007125459898573657,30,914
TMEM205,0.007122927396267187,12,915
POLR1C,0.007115278567653149,10,916
MRPL20,0.00711427234240215,22,917
HNRNPA1,0.007108605387307202,26,918
H3-3A,0.007088440053242569,96,919
TPD52L1,0.007083753722586802,42,920
MRPL45,0.007075839233584702,10,921
PSMD11,0.007074186508543789,10,922
RRBP1,0.007062949513783679,20,923
XRN2,0.007061302209930385,17,924
FXYD3,0.007054554997012019,11,925
ROGDI,0.007043187668646819,14,926
IFT22,0.007043173213023692,25,927
ERG28,0.007030806614478168,19,928
ATP6V1F,0.007015483656850381,39,929
MRPL4,0.007014558431881203,37,930
SRRM1,0.006997279217466712,20,931
ACTR3B,0.00698731259763008,20,932
DEGS1,0.006969713163562119,10,933
RAB22A,0.006969273905269802,11,934
SERTAD3,0.006968738892200318,11,935
DPM1,0.006965106607160785,22,936
ADSS2,0.006962945696432144,20,937
CD74,0.006952109795141344,24,938
NDUFA9,0.006943778515878049,11,939
NENF,0.0069348993114171885,39,940
PSMB6,0.006930094226263463,25,941
VDAC2,0.006922109009221543,43,942
PSMA4,0.006918720947578549,20,943
OXLD1,0.006917078967671841,10,944
ECE2,0.006909677074016894,17,945
NME4,0.006909429532242939,56,946
TAX1BP1,0.006906608527060598,24,947
ITPRID2,0.00690649306125124,16,948
LSM4,0.006892152996151708,50,949
AKIP1,0.006891773304563354,11,950
HAX1,0.0068900707046850584,16,951
TSEN15,0.00687074288310084,14,952
PNO1,0.006862017028170693,17,953
UPP1,0.0068619556725025175,10,954
ATP5F1C,0.006850388815759548,70,955
HSPH1,0.006842470857211285,18,956
ANXA4,0.00684138269474109,15,957
SNU13,0.006829533223062754,25,958
KTN1,0.006824787015960153,28,959
AQP3,0.006815610401099547,10,960
GSTM3,0.006804066666518338,16,961
HILPDA,0.006797905249792772,12,962
AIMP1,0.0067965289345011115,10,963
AKAP9,0.006776050212519134,17,964
CREB3L4,0.006774248475650032,19,965
RHEB,0.006764448085353554,48,966
GRINA,0.00676268437803772,57,967
SRSF10,0.0067623589379114234,14,968
CISD2,0.006750748463673517,10,969
TMEM147,0.006747962906956673,33,970
HYI,0.006747023270387824,12,971
AGR2,0.006742480507289822,11,972
DESI1,0.006735160996738289,14,973
SRRM2,0.006734469697291318,26,974
AK4,0.006729561438345734,17,975
UGP2,0.00672537649734295,32,976
DDX46,0.006722658767830581,10,977
PYGB,0.006719210844797392,12,978
PSME3,0.006718101660506084,13,979
ARGLU1,0.0067040397963650964,17,980
BOLA3,0.0067037010192871095,25,981
TMEM254,0.006700904220148611,12,982
TAF1D,0.0066924039948437555,38,983
PIGT,0.006691979626193643,25,984
TMED3,0.006689625733997673,49,985
ITGB1BP1,0.006682589294060189,17,986
MRPL9,0.0066801416151544175,19,987
AP2S1,0.006676751728677614,33,988
ATP5F1B,0.006669609010434494,39,989
C1QBP,0.0066654447772357935,46,990
NDUFB4,0.006664194054875142,44,991
EIF3L,0.0066574725171770245,34,992
ISOC2,0.006655533513468172,18,993
TRNT1,0.006654060841538012,10,994
PMVK,0.0066490615281509236,16,995
MIX23,0.006635393182347927,14,996
MRPS10,0.006632412244057791,11,997
PSMC3,0.006631515521023955,14,998
ODR4,0.006627230582615504,13,999
TRA2B,0.006626906036399305,10,1000
SWI5,0.006614035040211792,13,1001
MARCHF5,0.006603100578234132,14,1002
PDIA4,0.006592996651306748,15,1003
LSR,0.006591486329853069,16,1004
ABHD11,0.0065849886441631525,33,1005
CIAO1,0.006582827878777276,11,1006
MEST,0.006582268759042823,14,1007
LDOC1,0.006570615445352381,21,1008
MRPL32,0.0065685439816055196,24,1009
GNPNAT1,0.006567805611456816,13,1010
RPL36AL,0.0065672297579502424,14,1011
DNAJC19,0.006564422405790538,20,1012
POLR3K,0.006560957489354122,18,1013
YIF1B,0.006560939422342926,17,1014
BNIP3,0.006556776145854118,22,1015
HDGF,0.006544741727835076,22,1016
BET1,0.006544318418794622,12,1017
MYDGF,0.006543984778949784,36,1018
ERGIC1,0.0065427770287814465,11,1019
SLC25A22,0.006537965871393681,10,1020
PMM2,0.0065341081089255485,11,1021
CTNNBIP1,0.006521156207203272,22,1022
TMED10,0.006520925329603029,33,1023
CHMP2B,0.006518999193212948,20,1024
FUS,0.0065183254561046716,52,1025
GNPTG,0.006516233278328881,17,1026
SDHAF3,0.006515377972391434,16,1027
MED19,0.006510236902007212,12,1028
EIF2AK4,0.006492528201003249,12,1029
POLR1D,0.006479074712842703,24,1030
COA8,0.006476763508875261,11,1031
PGD,0.006473288767867618,27,1032
ATP5PF,0.006466780315219823,21,1033
GOLGA4,0.006456623099934818,22,1034
SDHC,0.00645503617989881,37,1035
TAF7,0.006455002252810768,14,1036
C1orf35,0.006446948278033615,19,1037
MANSC1,0.006444348348304629,10,1038
CS,0.0064441534711725335,11,1039
SH3GLB1,0.006442907033488154,12,1040
RPL35A,0.006439837777855782,39,1041
RNPEP,0.006437649285154683,14,1042
ATIC,0.00643521112838893,14,1043
EIF3K,0.006432769356511666,28,1044
PEX11A,0.006432207120815292,10,1045
NAA38,0.0064301339637798565,21,1046
SNRPC,0.0064276958612026645,20,1047
ENTREP3,0.0064191822428256275,15,1048
MYL6,0.006418526983387502,28,1049
TM9SF2,0.006404493702575564,22,1050
MRPL33,0.006391064052877482,16,1051
CHMP4B,0.006390760750946356,16,1052
NCOA7,0.00638718022050203,14,1053
CNPY2,0.006385178072378039,11,1054
GYG1,0.006383691425435245,10,1055
GCSH,0.0063776559028257095,36,1056
NDUFV3,0.0063716269699701416,12,1057
NDUFB2,0.006369310828934734,36,1058
OXA1L,0.0063692283583804965,13,1059
MAL2,0.0063684004675120705,44,1060
ARFIP2,0.006359421071829274,20,1061
RANBP1,0.006356245226925239,34,1062
PRRG4,0.00635188196611125,12,1063
ZFYVE21,0.006351292746451994,15,1064
TSC22D1,0.006349448304574348,19,1065
SLC25A36,0.006346393349016772,19,1066
OSTC,0.006345373038625853,22,1067
CAP1,0.006344926758454396,13,1068
SCAMP3,0.006331797217717395,20,1069
DCBLD2,0.006329977000132203,10,1070
UQCRC2,0.006323553192695337,35,1071
F11R,0.006322129532539596,12,1072
HLA-DPA1,0.006318316959282931,17,1073
MPC1,0.006316630626455522,13,1074
UQCC4,0.006314068547605227,12,1075
SLC35A2,0.0063045861121887965,12,1076
AURKAIP1,0.00630315748826802,37,1077
ERCC1,0.006297857190171878,12,1078
TMEM183A,0.006287236663478392,27,1079
MAP3K13,0.006285222951861981,19,1080
NDUFB3,0.006282817184304197,12,1081
RPS10,0.006280324970638114,28,1082
CLNS1A,0.006279463157018957,24,1083
STMN1,0.006278829585250107,31,1084
ZFAND2A,0.006271014729624286,17,1085
PAF1,0.006267479104942388,11,1086
ARL5A,0.006261037945348237,21,1087
STRAP,0.006260789424909199,47,1088
LSM5,0.006257672662503042,42,1089
ACADVL,0.0062540193418196095,12,1090
PSMB4,0.00624911653479406,24,1091
CIRBP,0.006249089946504682,10,1092
JAGN1,0.006248901461196297,17,1093
NDUFS7,0.0062464611467228015,11,1094
NUDC,0.006242025776171229,27,1095
ZFR,0.006232832812450149,11,1096
YWHAG,0.006230208091437817,12,1097
CIB1,0.006217720857377918,21,1098
NDUFAF6,0.006217385374475271,10,1099
OPTN,0.0062097213308637345,15,1100
VPS36,0.00620740834115581,11,1101
METTL5,0.006197024350835671,31,1102
B3GNT2,0.006192595884203911,10,1103
CD46,0.006179461130765655,24,1104
NCBP2,0.006176920222619979,13,1105
NDUFC1,0.006176328243842969,15,1106
KRTCAP3,0.0061709965682692,36,1107
PGM3,0.006169328582473099,10,1108
SPCS1,0.006167442272675948,36,1109
PTPRF,0.006161573378409705,23,1110
FDCSP,0.0061578629880814865,17,1111
VPS37A,0.006156768977896057,11,1112
MRPL41,0.0061560875456780195,25,1113
BCL2L12,0.006152180943172425,10,1114
NDUFV1,0.006151944469560736,28,1115
RFXANK,0.006148554118296418,13,1116
NME3,0.0061472170543105855,31,1117
PFDN5,0.0061412099643017755,11,1118
MLF1,0.006140514573021589,23,1119
TIMM17A,0.00613924496953354,43,1120
WDR83OS,0.006129416112324837,47,1121
SHMT2,0.00612449371097186,11,1122
PRCC,0.0061232056468725204,11,1123
BUD23,0.006119732411063619,38,1124
SLC5A6,0.006119374043515159,18,1125
FAM32A,0.006119297691232835,12,1126
MCM7,0.006106293125247414,11,1127
REEP3,0.0061024718529855216,15,1128
APPL1,0.006097372365184128,10,1129
RUVBL2,0.006092697172425688,15,1130
SMAD1,0.006091926966539838,11,1131
MRPS7,0.006090258148365787,14,1132
OPN3,0.006089757351825635,12,1133
PNRC2,0.006085416946846705,13,1134
KLHDC3,0.006083492530576352,21,1135
PDCD6,0.006083085751700876,69,1136
HTATIP2,0.00607799926135493,19,1137
RHPN2,0.006074628524947912,10,1138
CSDE1,0.006069807650055737,15,1139
PAQR4,0.006068356777541339,10,1140
B4GALT3,0.006059549457859248,10,1141
RUSC1,0.006050065365236472,17,1142
CDC123,0.006048010660534991,35,1143
SEC22B,0.006047290295828134,20,1144
FKBP3,0.0060435161710931705,13,1145
GAR1,0.0060423897494646635,11,1146
CCDC6,0.0060413317898145085,13,1147
ATP6V1G1,0.006035810989227944,42,1148
SMG5,0.006034306707218862,13,1149
TCEAL3,0.006033713243176373,13,1150
ASF1A,0.006030928425025195,10,1151
ASL,0.006029096432030201,10,1152
NBDY,0.006024695496307686,16,1153
RAN,0.006017106113266018,51,1154
ATP6AP2,0.006013235969779392,12,1155
MTA1,0.006008370614810182,35,1156
METTL26,0.006005260749423707,44,1157
DNAJC15,0.005997931314465989,28,1158
LAGE3,0.0059933857927616276,27,1159
CRIPT,0.0059932811727776425,16,1160
MRS2,0.005984191803938963,11,1161
TMEM14C,0.005983800215776576,43,1162
LURAP1L,0.0059823307577365386,12,1163
YWHAE,0.00597843013327712,13,1164
PDIA3,0.005976434248070433,51,1165
TOR1A,0.005976096040103585,10,1166
PYCR1,0.005976007658649574,44,1167
ICA1,0.005974031228106469,10,1168
GAMT,0.005970263165760447,11,1169
FH,0.005969826348258981,21,1170
LAMTOR5,0.005968821235001087,22,1171
GMFB,0.005967304851351814,11,1172
LSM1,0.005959973649375818,11,1173
APRT,0.005959627917036414,20,1174
GTF3C6,0.00595912529665622,21,1175
TOMM20,0.005957928799804958,85,1176
DUSP23,0.0059564546180150375,29,1177
NDUFV2,0.005955447795401726,35,1178
TMEM237,0.005954254376278682,11,1179
TTC39A,0.005952863542673489,15,1180
KCNN4,0.005949984705593023,18,1181
ANXA11,0.005944408655133364,14,1182
PSMA5,0.005943799525266513,20,1183
NASP,0.005942813848378137,12,1184
GSTZ1,0.005939829850103706,10,1185
EIF3E,0.005927259290519242,39,1186
CHMP3,0.005921967385802418,12,1187
HMGN3,0.0059156372473808,40,1188
BSG,0.005913317725970977,41,1189
EEF2,0.005912808756540089,38,1190
REXO2,0.005909534497833293,36,1191
ELOVL1,0.005909035224855567,12,1192
STAT3,0.005903509532799944,12,1193
C16orf87,0.0059013446560129525,10,1194
SDHA,0.005895267730872882,19,1195
AZIN1,0.005886793959441341,22,1196
NUDT4,0.0058855524138462815,11,1197
DNAJC3,0.005871483844450929,22,1198
HCFC1R1,0.005871250693287168,28,1199
ATP6AP1,0.005869936217398693,12,1200
FKBP4,0.005868145740230761,53,1201
SAV1,0.0058594030719673765,11,1202
MICOS10,0.005858087258405119,28,1203
PAFAH1B3,0.005857200361788273,34,1204
MPZL1,0.005855362099181447,18,1205
SLC35B2,0.0058530131209408864,16,1206
ZYX,0.005849055085412186,23,1207
SIRT7,0.0058432059828192,10,1208
GALE,0.0058426288993690505,11,1209
SMIM10L1,0.00584000452593165,19,1210
ARF5,0.005837384647351097,55,1211
SMCO4,0.005835418375985076,15,1212
SLC39A1,0.0058294627815485,16,1213
IGSF8,0.0058290016934430845,15,1214
FOXM1,0.005821945145726204,11,1215
RAB5IF,0.005820016830351532,34,1216
TMEM126A,0.005819277711755906,18,1217
UBE2L3,0.005818863103437859,24,1218
LSM2,0.005815583152760719,29,1219
AHCY,0.005811748862139542,22,1220
TPR,0.005808325991144075,17,1221
ZFTRAF1,0.005799920825908581,15,1222
PDCD5,0.005799095852472376,42,1223
ANP32A,0.005793631394309076,11,1224
MRPL3,0.0057893249547175535,35,1225
SAC3D1,0.005782799300504848,12,1226
AP1M2,0.005778252379968762,19,1227
CANT1,0.005777460231911391,12,1228
NABP2,0.0057759213054345716,18,1229
MMP14,0.005775853153318166,10,1230
PSMA3,0.005767487269622507,16,1231
DPM2,0.005766521593054326,13,1232
PAK4,0.005762581430774715,14,1233
NT5C3B,0.005760691610207273,11,1234
UCHL3,0.005760186574965094,21,1235
ENTPD6,0.005758716550190002,14,1236
ERLEC1,0.005758666223846376,30,1237
APMAP,0.0057497899906593375,16,1238
SLC25A6,0.0057473860633296845,39,1239
GTPBP4,0.005744931644968395,38,1240
EIF3F,0.005744114803182411,29,1241
MACROD1,0.005742583894364846,12,1242
RPF2,0.005738587509508112,14,1243
EIF6,0.005734062637202442,11,1244
YWHAH,0.005733201415172185,22,1245
POLR2K,0.005729192827577488,52,1246
SYNCRIP,0.005728074317348415,29,1247
TYW2,0.005727011943235993,10,1248
ACP1,0.005723217495388407,34,1249
RPUSD1,0.005718850705306977,11,1250
YKT6,0.005716108378361572,11,1251
ERGIC2,0.005715073236976476,34,1252
SEC13,0.00571347086224705,19,1253
ARPC1A,0.005712908284395881,72,1254
HOOK1,0.00571025024401024,15,1255
H2AJ,0.005709835137922044,41,1256
ATP5PD,0.005709224917854254,26,1257
RBCK1,0.005699473052200946,22,1258
LRIF1,0.005696921738597345,17,1259
LEMD1,0.0056886859238147736,20,1260
SORD,0.005686659831553698,10,1261
CFAP119,0.0056833888123616234,11,1262
ALKBH7,0.005682444432750344,29,1263
FAM98A,0.005680285814118439,14,1264
TFG,0.005679844476451928,33,1265
UBB,0.005679629788501188,25,1266
CFAP68,0.005678535956095028,17,1267
TMEM120A,0.005674566273228265,16,1268
EIF4EBP1,0.005674505031065029,34,1269
PFN2,0.005673063850762056,35,1270
TGIF1,0.005671404904740698,17,1271
TRAF7,0.00567112686985638,20,1272
TPD52L2,0.0056710610213205935,26,1273
SLC39A4,0.005671052646357566,15,1274
FDFT1,0.005666375642509333,14,1275
RARS1,0.005655984568875283,10,1276
MEA1,0.005652277029003017,20,1277
GLRX2,0.005649168869819154,22,1278
TXNL4A,0.005647239079487256,22,1279
NICOL1,0.005643397030469619,19,1280
RPL3,0.0056416673439040705,48,1281
CHMP4C,0.005635919107589871,11,1282
VCP,0.005631785473430201,17,1283
BRIX1,0.0056279948621522635,16,1284
YY1,0.005627715162700042,20,1285
IFRD1,0.005626962245018644,11,1286
SLC25A37,0.0056230148878127625,26,1287
YTHDF2,0.005622707198684415,15,1288
TMED4,0.0056220187883203225,15,1289
TMEM41A,0.005620833474677056,10,1290
UBN1,0.005611274878240444,11,1291
FBL,0.005607619932076583,30,1292
PIGF,0.0056075487130632,12,1293
TMOD3,0.005604885858841813,13,1294
EMC3,0.005596504127606749,10,1295
MLEC,0.005593527004058505,29,1296
CEP15,0.005593482352196588,32,1297
SEPTIN11,0.00559131217111523,12,1298
NUDT16L1,0.005590115790255368,10,1299
ZDHHC24,0.0055773655185475945,12,1300
NDUFC2,0.005571139935636893,40,1301
NDUFAF8,0.005570374376036163,29,1302
LDLR,0.005570056691515044,13,1303
UGDH,0.005568168232540219,22,1304
GFUS,0.005567420673880564,23,1305
IDI1,0.005566114059183747,10,1306
ARV1,0.005563660113907912,17,1307
RTRAF,0.005563377000560815,22,1308
IAH1,0.005559114670177223,16,1309
HNRNPA3,0.005549162371411316,37,1310
NMRAL1,0.005545243706652208,19,1311
JMJD4,0.00554389210167126,13,1312
ZNF593,0.005540275055398346,41,1313
KPNB1,0.00553458221256733,10,1314
SERINC2,0.005532971269632172,36,1315
CSNK1A1,0.005530696830343611,24,1316
DPH3,0.005528202007553773,12,1317
FNBP4,0.005526418733643368,10,1318
SNRPB2,0.0055185783072374765,10,1319
MRPL34,0.005508428430307265,19,1320
COA4,0.005506830558130916,21,1321
RBIS,0.00549978102531491,27,1322
FDPS,0.005488213993465671,26,1323
USP1,0.005484386531558509,18,1324
IMPACT,0.005482679983187053,18,1325
BEX3,0.005481990907962124,18,1326
SNX8,0.0054813523311167955,21,1327
CACYBP,0.0054792072623968124,29,1328
CYB5R3,0.005474742761669824,26,1329
APH1A,0.005472970562621805,51,1330
RAB2A,0.005471208012964138,51,1331
SCP2,0.005469120861518951,21,1332
NFE2L3,0.005466099362820387,10,1333
CDK4,0.005464208310568762,33,1334
PNPLA4,0.0054624429903924465,11,1335
ANP32E,0.005460403044708073,10,1336
TFAM,0.005459689789197661,11,1337
MPHOSPH6,0.005454582103993744,12,1338
ANKRD37,0.0054543602745980024,11,1339
SIGMAR1,0.005439631193876266,25,1340
PSMB5,0.005435919895087584,39,1341
RBM17,0.005434671681584968,42,1342
MRPL58,0.005433769624990721,15,1343
IFT43,0.005427661584690213,10,1344
SLC75A1,0.005423258904678126,15,1345
NIPSNAP2,0.0054211805982049555,20,1346
IFT57,0.005414579869606174,13,1347
ANXA7,0.005413838582171593,24,1348
FIBP,0.00541363654505963,26,1349
CCT6A,0.005413354868684316,53,1350
SRD5A3,0.0054127066956695035,27,1351
PGRMC1,0.005407752301834989,32,1352
STAMBP,0.0054043271811679006,10,1353
EBPL,0.005399133119246234,46,1354
KRAS,0.005399070016044954,11,1355
RPS29,0.005397255203570239,20,1356
ATRAID,0.005393839009700279,29,1357
ERRFI1,0.005391125632741023,16,1358
EPRS1,0.005389169165864587,25,1359
MORF4L2,0.005387837400323608,18,1360
PIGX,0.005387445178348571,10,1361
ARPC2,0.00538333135918947,20,1362
BID,0.005380004132166505,15,1363
PSMB9,0.0053741533978609365,20,1364
HNRNPDL,0.005372155622086104,17,1365
MIMS2,0.005367443956749733,34,1366
RAB7A,0.005365288359921817,19,1367
SYCP2,0.00536157084570732,10,1368
KIF5B,0.005356974091709536,34,1369
COMT,0.005356303546577692,25,1370
TEX9,0.005353338783606887,13,1371
KXD1,0.005353268945327727,16,1372
ETF1,0.00535160404714671,11,1373
RAB13,0.005348589744066774,41,1374
ALDH9A1,0.00534838747285727,31,1375
BAZ1A,0.00534740667596149,12,1376
HADHB,0.00534247990581207,10,1377
GGCT,0.005342361597286072,48,1378
C1S,0.005341316595149692,16,1379
SYNE4,0.005341218511323229,13,1380
PRDX5,0.005337436574491415,47,1381
GUK1,0.005329581638882273,83,1382
SDHD,0.005326063064525702,21,1383
DRAP1,0.005321625183569267,24,1384
CPNE3,0.005308751073299032,33,1385
ALDH7A1,0.005306197688556635,13,1386
TMX2,0.005304905271623283,10,1387
YWHAB,0.00530044868556333,29,1388
VAPA,0.005297827489313579,31,1389
SSRP1,0.005295254482189193,10,1390
PON2,0.005293333550071111,16,1391
SERP1,0.005289555925952449,73,1392
EEF1B2,0.005276649232743488,62,1393
PABPC4,0.005272245756350458,10,1394
AARD,0.005266365982866513,28,1395
ATP5PB,0.005265288090976398,21,1396
POLB,0.005261095505292443,11,1397
ERH,0.005258294263983081,29,1398
BZW2,0.005256177585311782,34,1399
HDAC2,0.005254952101323225,37,1400
MLST8,0.0052539115131367,20,1401
CNIH1,0.005245535958238179,16,1402
VCF1,0.0052434750295315795,13,1403
HLA-B,0.005238773190649226,40,1404
PSMD4,0.005237834463413391,27,1405
SH3YL1,0.005230445346872632,24,1406
NFIC,0.0052301826265950995,21,1407
CHID1,0.005228145249808828,15,1408
ACO2,0.005226805675192736,12,1409
CISD3,0.005225808157896002,15,1410
KHDC4,0.005219271258366379,11,1411
LSM7,0.005212525864286969,15,1412
DDOST,0.005212046678934712,32,1413
ESRP1,0.005211139633320272,20,1414
SNRNP25,0.005209876332498554,14,1415
NARS1,0.005208008054813201,11,1416
YIF1A,0.005207003173007465,34,1417
FLOT1,0.0052020866351085715,24,1418
HACD3,0.005199944050135938,22,1419
EIF3A,0.00519730399767133,38,1420
TRNAU1AP,0.005195743532870741,12,1421
PSMD1,0.005191548680886626,10,1422
SUB1,0.005190337428036307,58,1423
OAT,0.005187386650290778,51,1424
AP1S1,0.005186760713781148,34,1425
KDM5B,0.0051854885671712946,23,1426
MLF2,0.00518077467612149,53,1427
DYNC2I2,0.0051745836026384495,16,1428
HNRNPR,0.0051744934012690055,22,1429
AGR3,0.005174339410256256,11,1430
TM2D1,0.005174243861498932,12,1431
YPEL2,0.005173056665807962,10,1432
FAM3C,0.005172191983244072,39,1433
ATP5F1E,0.005171140776448218,28,1434
SELENOS,0.005168290693545714,25,1435
EIF3G,0.005162029630608029,18,1436
FAM162A,0.005160460092676138,28,1437
NAXE,0.005157748951988165,43,1438
ACTR3,0.00515298773534596,10,1439
RRAGA,0.005151916149770841,17,1440
GABARAPL2,0.005151073498630219,22,1441
COPZ1,0.00514637065299956,22,1442
RPS24,0.005145307489146944,60,1443
ILF2,0.005145195759056757,30,1444
MTIF2,0.005141706094780768,22,1445
FAM120AOS,0.005139846439388665,11,1446
ECHS1,0.00513391528712136,29,1447
PSMB8,0.005130018236262626,19,1448
DAP3,0.0051172924717759775,29,1449
NSFL1C,0.00511635618750006,10,1450
ANAPC16,0.005115707122022286,25,1451
DERA,0.005112464516423642,10,1452
MRPL17,0.005099927249830216,11,1453
C15orf61,0.005098926857738805,19,1454
YIPF2,0.0050980843758831424,30,1455
EBNA1BP2,0.005097071349155158,30,1456
BAX,0.005095806834287941,10,1457
ISCU,0.005093221936155768,17,1458
WASL,0.005083271449513952,17,1459
MRPL47,0.005079674767330289,10,1460
TP53RK,0.005067502391863276,11,1461
SLC35B1,0.005067396277669244,13,1462
RPL26,0.005065552646886896,11,1463
CLN6,0.005061204237530806,14,1464
ATP5F1A,0.005059353443548868,38,1465
PHPT1,0.005054543170934686,13,1466
PSPH,0.0050532201686027374,11,1467
VPS72,0.005051982830212053,14,1468
PDAP1,0.00505096629993724,35,1469
LAMP2,0.005047367718846848,15,1470
STOML2,0.005043924712534884,34,1471
BRMS1,0.0050421219414354046,11,1472
EIF3D,0.005038764599400262,15,1473
TEX30,0.005037351313512772,10,1474
PTTG1IP,0.005033635260770097,20,1475
UAP1,0.005026597328833304,40,1476
LRRC59,0.0050257118738954885,20,1477
SUPT4H1,0.005021785114270945,12,1478
NOP53,0.005020736346897834,17,1479
GTF3A,0.005018738413064997,29,1480
MICALL2,0.005015408391885173,13,1481
NEU1,0.005015370647676967,11,1482
CCT7,0.005014829130232101,16,1483
VTI1B,0.005012227059341967,10,1484
COX20,0.005011532772186911,32,1485
SSR2,0.005011075962848293,39,1486
C17orf58,0.005010292594670318,10,1487
PWP1,0.005009114213118499,11,1488
HNRNPK,0.005003620966282838,17,1489
BFAR,0.004998885471230516,13,1490
SF3B6,0.0049945970389966825,37,1491
MRAS,0.0049935341711439514,23,1492
SUDS3,0.004991506317916598,24,1493
RPN2,0.004990425510813707,29,1494
ABHD5,0.004988661326933652,13,1495
GDI2,0.00498845602300748,37,1496
NDUFS5,0.0049878599897247595,57,1497
BAG1,0.004984195280398819,21,1498
PRELID3B,0.004978906908562701,19,1499
PRPF38A,0.004972096299752593,11,1500
EFNA3,0.0049706643589565325,18,1501
DUSP14,0.004968747263774276,10,1502
PXMP4,0.004968654731503473,13,1503
EIF2AK1,0.004965719518562158,15,1504
KRT10,0.004957271010712965,19,1505
CKS1B,0.004956210328435356,22,1506
DNAJB9,0.00495266837110235,11,1507
USB1,0.0049509160065402584,12,1508
NIT2,0.004949741448702601,24,1509
BCL3,0.004947541912163918,12,1510
HORMAD1,0.0049448074617733555,12,1511
WFDC2,0.004942378813498898,19,1512
TAF6,0.004942343677006041,12,1513
TRAPPC3,0.004940747043543399,29,1514
SSB,0.004938104597385973,26,1515
CERS4,0.004936954070051963,11,1516
MRPS21,0.00493658523344876,57,1517
TBC1D7,0.004936366318725049,10,1518
FAM20C,0.004933575866743922,10,1519
XRCC6,0.0049326599497968955,15,1520
SNRNP200,0.004930521858940748,11,1521
WIPI2,0.004929623475618428,16,1522
UBXN4,0.004929267417957397,26,1523
PRKDC,0.004926866744286739,13,1524
PITHD1,0.0049266160232946275,15,1525
GOLPH3,0.004922607893240638,10,1526
THAP4,0.004921834752894938,20,1527
ATP6V0B,0.004921002416214084,34,1528
CCT2,0.0049202147397565945,29,1529
NUDT14,0.004918108161826453,17,1530
GORASP2,0.004914886993356049,15,1531
ELF5,0.004914855018300427,11,1532
CTSF,0.004911914395052008,12,1533
MKKS,0.004907931388717973,18,1534
ST3GAL4,0.004907314549200237,24,1535
COQ4,0.004907274277814265,14,1536
PCBD1,0.004902000434446597,54,1537
CDK16,0.004901102103758603,20,1538
FBXO22,0.004900608412836763,11,1539
EIF2S2,0.0048982837787744675,11,1540
TENT5B,0.00489539101254195,10,1541
RNF40,0.00489501153351739,10,1542
PCMT1,0.004894290602980898,13,1543
HNRNPC,0.004884358865886249,33,1544
CCDC34,0.004882938707143896,18,1545
UBE2I,0.004881562432274222,35,1546
SURF4,0.004881070482290604,11,1547
BAD,0.00487959840601044,14,1548
NIT1,0.004878956439475028,13,1549
CREG1,0.0048731637431219926,21,1550
RPN1,0.004868541256291792,40,1551
LAMP1,0.004856394111899839,31,1552
ALG8,0.004856392023308824,12,1553
NAA20,0.004856018490569953,26,1554
EFNA4,0.004854262759909034,10,1555
KRT15,0.004850196936685178,18,1556
LRP10,0.004848678573034703,10,1557
MRPL43,0.004848168312390853,18,1558
POLR2I,0.004843627581563355,22,1559
PGLS,0.004838573784800246,25,1560
MVB12A,0.004823077755810862,11,1561
PHF5A,0.004817497958852487,11,1562
PHB2,0.004809603529252313,37,1563
POLR2E,0.004807863963790061,21,1564
COPS9,0.004805271331514675,21,1565
WARS1,0.004804875690943415,19,1566
NDUFS3,0.0048044324265157975,22,1567
EIF4G1,0.004804129762175892,21,1568
IFT20,0.004800534142608133,12,1569
DNPH1,0.004795124297271724,27,1570
NAP1L1,0.004794260661583394,20,1571
PSMD2,0.004791246364927954,18,1572
MED21,0.004789567681857281,18,1573
NDUFB5,0.004789306538268214,21,1574
UBL5,0.004786465671548451,22,1575
CCNI,0.004786351519614094,41,1576
SLC52A2,0.004786047386005521,22,1577
PPP1R35,0.0047826899768551815,20,1578
EIF2A,0.004782414423640479,33,1579
PPM1G,0.00478121726308018,25,1580
TRAF4,0.004775898673952642,22,1581
NTPCR,0.00476887498585069,17,1582
TRMT10C,0.004762241863108312,13,1583
SPTSSB,0.004755356403289956,22,1584
EMC6,0.004753547667254073,12,1585
BACE2,0.004751016658510228,19,1586
LAPTM4B,0.004743842808238696,16,1587
GOPC,0.004742239139886806,16,1588
SSBP1,0.004738269739651254,28,1589
KIF9,0.004732393521408085,16,1590
COA6,0.004732271098825885,19,1591
CCDC124,0.004731376216417023,24,1592
UQCC3,0.0047310305866024764,18,1593
BAZ1B,0.004728775193843131,13,1594
TCTN1,0.004724802751577674,13,1595
GET1,0.004724445145776761,14,1596
RMND5B,0.00472360085695982,10,1597
RAB40B,0.004723322514275258,11,1598
BUD31,0.0047172348781981885,17,1599
SMIM19,0.004715475040332724,15,1600
SLC25A39,0.004710727376732393,32,1601
MRPL14,0.004708665810176172,40,1602
TMEM45A,0.004707411356711029,14,1603
GSS,0.004707150786998682,12,1604
LTBR,0.0047009619399129106,24,1605
NIPSNAP1,0.004691081243799999,10,1606
DLD,0.004690327914431691,10,1607
RAB17,0.0046886173775419595,10,1608
GIPC1,0.004688008972961042,27,1609
PRDX4,0.004687089855768577,33,1610
TTLL4,0.00468535975087434,10,1611
NAPA,0.004676863213535398,15,1612
MRPL36,0.004668231186870899,36,1613
PNN,0.004664357669432373,17,1614
TMEM134,0.004655945314360517,14,1615
STUB1,0.00464421033205825,31,1616
DERL1,0.004644201575921705,13,1617
SUCLG1,0.004642561236063817,14,1618
GOLGA2,0.004640234762337059,15,1619
TOX4,0.004639737303983161,18,1620
LETM1,0.004639341367874294,10,1621
COPS8,0.00463786032050848,10,1622
STAP2,0.004637639838620089,16,1623
TMEM14B,0.00463478931444971,17,1624
GPI,0.004633615090278908,20,1625
UQCC2,0.004624581631755323,14,1626
PEX11B,0.004611921849815796,15,1627
DDT,0.004609557678288018,33,1628
AKT1S1,0.004606269331733612,11,1629
DUT,0.00460517097515269,39,1630
GLUD1,0.004599658539518714,11,1631
DAD1,0.004597965359800693,33,1632
METTL9,0.00459628620989282,22,1633
MTPN,0.004585708348895423,10,1634
LDAF1,0.004581802788799485,26,1635
ARPC3,0.004580182861536742,10,1636
EIF2S3,0.004573069769927922,12,1637
RAB18,0.0045706673214832945,18,1638
AP2M1,0.0045683819786360375,49,1639
WBP11,0.004567521711578593,10,1640
NBN,0.004564276721794158,12,1641
DCUN1D5,0.004560849063896707,28,1642
SNX3,0.0045570850688298895,35,1643
NUDCD1,0.004551595114753582,10,1644
PPP1R2,0.004549012272892629,17,1645
DECR1,0.004546723588753273,17,1646
SLC9D1,0.00454655949336787,12,1647
PSMG2,0.004540258555524898,22,1648
EXOSC4,0.0045398227145932125,19,1649
SEC23B,0.004536346537255061,12,1650
HBS1L,0.004532029376026581,11,1651
ANTKMT,0.0045307738303866545,24,1652
RNF7,0.004529489927335817,32,1653
DNAJB11,0.00452368903864661,23,1654
MPHOSPH10,0.004521426790312905,23,1655
TRIM47,0.004518909589387476,15,1656
PDCD2,0.004518738241379403,22,1657
ARL4A,0.004518696867550413,15,1658
MRPS16,0.004517756718476968,35,1659
HSPA14,0.004516898636939004,10,1660
DLAT,0.0045155427690284945,15,1661
RAB6A,0.004509922549914336,16,1662
SLC25A3,0.004509445434486421,51,1663
PHYH,0.004507023375481367,10,1664
TRAP1,0.004504752255540908,23,1665
RABAC1,0.004503129502653235,31,1666
TMED9,0.004501420096494258,20,1667
MCFD2,0.004498481640789228,26,1668
PSMB1,0.004497189021397692,24,1669
TPGS2,0.004495016207718956,14,1670
POLR3H,0.0044842961625280705,11,1671
COMTD1,0.004477765135975046,11,1672
DTWD1,0.004474208864849061,10,1673
IMPA2,0.004473131519797093,17,1674
CDIPT,0.004465787894635771,12,1675
RAB11A,0.0044620557951189025,27,1676
KDELR2,0.004457696199391944,74,1677
CLPP,0.004455966215270261,12,1678
VPS28,0.004455513193864714,22,1679
ST13,0.004451974260586279,27,1680
UFM1,0.00444752410736068,21,1681
AGTRAP,0.0044474284827279355,13,1682
AK2,0.004446474338405288,38,1683
COPS6,0.0044435817981138825,23,1684
FAM174A,0.0044415255213001124,15,1685
LPCAT3,0.004441043631893329,11,1686
CRAT,0.0044314445778062305,14,1687
NDUFS2,0.004429425779645416,22,1688
PSMD7,0.0044224219851788475,22,1689
ACTL6A,0.004421067240540511,13,1690
NDUFAB1,0.004421052273391979,60,1691
H2AZ2,0.004419048803780848,30,1692
CD63,0.004418392172859361,30,1693
COPS5,0.0044170804801123105,17,1694
MMP24OS,0.004416995364325968,11,1695
BTF3,0.004414791574476865,29,1696
VDAC1,0.004405201479953359,42,1697
DAP,0.004405090869113337,32,1698
TMEM14A,0.004402065880747293,34,1699
SEC61A1,0.004400071430219603,14,1700
PAPOLA,0.004393210523680004,37,1701
SMYD2,0.0043810375966131685,10,1702
PRKCSH,0.0043797482154332105,10,1703
CDK2AP2,0.0043681277112275554,19,1704
MRPS12,0.004365384385561232,22,1705
ATP5MC2,0.0043635944879250755,59,1706
ENY2,0.004358646897966729,38,1707
NIPA2,0.004357283275264005,12,1708
ARPC5L,0.004355037464605024,15,1709
CD320,0.004353751568123699,10,1710
NFU1,0.0043501475804739375,11,1711
PUF60,0.004344272045677321,18,1712
CCT4,0.004334719423615538,34,1713
ACTN4,0.004330452104719977,12,1714
RAB1B,0.004328735400728571,12,1715
PPP1CA,0.004328399186223661,22,1716
DALRD3,0.004326512036972086,11,1717
NIP7,0.004323515288818341,13,1718
MRPL24,0.004315947668209415,29,1719
NUTF2,0.004308581338652099,30,1720
NQO1,0.00430515268817544,32,1721
FBLIM1,0.004301757652270185,11,1722
B3GAT3,0.004301217803731561,10,1723
CNOT7,0.0042986305973803,18,1724
PGM1,0.004295453776527817,15,1725
KLHDC9,0.004291043303965125,16,1726
CIAO2A,0.004289418552070856,20,1727
KDELR3,0.004289386338581715,17,1728
RBBP4,0.004286163160577417,15,1729
PPP1R16A,0.004282206535043026,11,1730
KNOP1,0.004276476986706257,10,1731
LAP3,0.004274440451990813,10,1732
SCCPDH,0.004271487484621848,29,1733
NTHL1,0.004265774174460343,14,1734
PRPF19,0.00426393257221207,10,1735
SRSF11,0.004263849983758786,17,1736
BRK1,0.004262768430635333,65,1737
CSRP1,0.004256045311194612,16,1738
ARMC10,0.0042551267900059675,44,1739
TATDN1,0.004251822818159347,21,1740
ARL16,0.004249689631465384,17,1741
DCTPP1,0.004245219832932156,31,1742
NUDT21,0.004242817005433608,24,1743
EMD,0.004241568829691518,31,1744
JOSD2,0.004229068513571595,12,1745
LYPLA1,0.004228737210810539,21,1746
PIGP,0.004226443928200751,10,1747
DNAJA4,0.004225923020082216,12,1748
MTX1,0.0042256050743162635,10,1749
LOXL1,0.004223101095042445,11,1750
SNX17,0.00422275546588935,12,1751
ZFAND1,0.004221269844988869,11,1752
IMPDH1,0.004220827153640921,23,1753
BAG3,0.004219305582492697,22,1754
CDC37,0.0042167584353592245,20,1755
BCCIP,0.004216523151486539,13,1756
HIBADH,0.004211835254234477,13,1757
OTUB1,0.004206641048023646,11,1758
RPL26L1,0.004203922988381237,10,1759
CSE1L,0.004198903404176235,10,1760
ADI1,0.004198317595926876,22,1761
NET1,0.004196854149146626,45,1762
PSMD12,0.004194519684339563,15,1763
CCT8,0.004192761012486049,14,1764
LTBP3,0.004190941318354037,14,1765
CYB561,0.004190099179350699,26,1766
POLD2,0.004189870802552572,28,1767
PTRHD1,0.004185420627306614,21,1768
MGST3,0.004185022706594081,59,1769
EMC4,0.0041840712889097634,20,1770
CHMP2A,0.00418392926632591,17,1771
COX7A2L,0.004179102673987744,57,1772
C11orf58,0.004178982144367183,16,1773
HEBP1,0.004172318414526267,18,1774
EIF3B,0.004172016674419865,10,1775
ALKBH3,0.004169273488514591,12,1776
RNF114,0.004169214016723412,27,1777
PCYOX1,0.004169122519670054,10,1778
GGH,0.0041690168686078066,14,1779
PLA2G12A,0.00415653339587152,14,1780
RNASEH1,0.004138945834711194,11,1781
COPS7A,0.004137743170657713,18,1782
NAT9,0.004129726450297643,11,1783
DCAF13,0.004125660613433204,11,1784
EIF4A3,0.004119335320865503,24,1785
CD2AP,0.0041190755640855056,10,1786
SEC63,0.004117482028959785,16,1787
MRPS26,0.004116555443033576,23,1788
AFMID,0.004114212485243722,18,1789
WASF2,0.004113620608113706,25,1790
PFKL,0.004113374976441264,13,1791
P4HA2,0.004110393940936774,10,1792
UBE2T,0.004109773377422243,11,1793
G6PD,0.0041038132289291495,14,1794
SFT2D1,0.004102431112966899,14,1795
GHITM,0.004102302081512541,22,1796
WDR45B,0.004098438473495965,21,1797
SPG21,0.004096205625683069,25,1798
MPV17,0.004091946176938816,18,1799
TRIP6,0.004088471344070191,41,1800
TMEM167A,0.004088154292813587,22,1801
RTL8A,0.004083278464597904,22,1802
FKBP10,0.004080022830748931,10,1803
TMEM126B,0.004079241323971043,19,1804
MRPS25,0.004077664550012824,11,1805
PSMB7,0.004062147723743692,21,1806
CERS2,0.0040558026680214835,11,1807
PEBP1,0.004054711925752652,68,1808
RWDD4,0.0040511907980544494,10,1809
CARD19,0.004051100579090416,15,1810
TAP1,0.0040407309085518745,24,1811
MRPS11,0.0040401490732620005,12,1812
FAM114A1,0.0040395420139909466,11,1813
ADIPOR1,0.004039242550788913,40,1814
NDUFS8,0.004035373463172137,34,1815
ADRM1,0.00403320433192507,27,1816
TUSC3,0.004032447841018439,15,1817
CLTA,0.004030993246045467,37,1818
LTAP1,0.004029765546518177,51,1819
EXOSC3,0.004026230075396597,12,1820
UBE2V2,0.0040190952325550216,21,1821
RTL8C,0.004016695327923766,14,1822
POLR2C,0.004013190585696561,11,1823
MAZ,0.004011896171141416,10,1824
COPB2,0.00400992986926047,22,1825
POLDIP2,0.004003769406283807,14,1826
CAPN2,0.00400255851491238,32,1827
GDI1,0.003999608117737807,10,1828
DYNC1LI2,0.003990975979832001,16,1829
MALSU1,0.003984046139521524,23,1830
SUPT16H,0.003978678700514137,15,1831
SPR,0.003975735298202683,15,1832
VPS35,0.00396942671116752,30,1833
DPCD,0.003967033272298674,15,1834
GINM1,0.003965532740535723,11,1835
TIMCC,0.003964568687332494,31,1836
NUCB1,0.0039640593458898365,12,1837
PPP1CC,0.003959025766772146,13,1838
GET3,0.003958991181571036,20,1839
WDR1,0.0039585426433900875,11,1840
RNF19A,0.003957193260165778,11,1841
NUDT5,0.003955125753741918,36,1842
GRSF1,0.003953096729032148,17,1843
ZDHHC16,0.003951970192317206,13,1844
MZT2A,0.003949289696968414,11,1845
TNFRSF1A,0.003947599060748788,11,1846
PAK2,0.003942685985627274,15,1847
ELP2,0.003924416250083595,10,1848
TESMIN,0.003918768942821771,15,1849
ARPP19,0.003914412325964524,13,1850
POLE4,0.003911573905497789,10,1851
MRPS34,0.00390848629319166,49,1852
LCMT1,0.003901529071542124,15,1853
DYNC1H1,0.003898957322235219,12,1854
PEA15,0.0038945455400442534,11,1855
C1D,0.003892466674397628,26,1856
FASTK,0.0038922511041164396,10,1857
HACD2,0.0038874257588759065,15,1858
REX1BD,0.00388558252598159,11,1859
HSPA5,0.003881349810399115,19,1860
BANF1,0.0038803927454864606,36,1861
CALM3,0.003876863879018596,14,1862
RAB4A,0.0038727866869356312,44,1863
NOB1,0.003871469166673099,12,1864
AMZ2,0.00386164675685851,17,1865
MRPL15,0.003859530240085653,22,1866
CYSTM1,0.0038560861475371686,13,1867
AAMP,0.003855672269959801,14,1868
FAHD2B,0.003852979268413037,10,1869
NTAN1,0.0038490355530354592,14,1870
SHISA5,0.0038384181948808525,13,1871
CCDC25,0.0038381383097397964,14,1872
GPAA1,0.0038368261367496517,27,1873
SLC39A7,0.0038313758601101915,14,1874
TMEM50B,0.0038291431847028434,16,1875
ELOB,0.003828508065669753,42,1876
MEAF6,0.0038250101195579328,27,1877
SMS,0.0038242944195217483,33,1878
IMP3,0.0038242881463912246,13,1879
SUMO3,0.00382235546130687,45,1880
CSNK1D,0.0038218602661372106,17,1881
POR,0.003812502975611446,13,1882
SNX6,0.003811304899863899,10,1883
AKR1A1,0.003809567013134559,15,1884
HDAC1,0.003807678867209082,12,1885
HOOK2,0.003805515803729317,35,1886
MTHFD2,0.003803500239478631,27,1887
ELAVL1,0.0037998532333100837,15,1888
JMJD8,0.0037962323054671287,10,1889
ORMDL1,0.003792702119839801,11,1890
C5orf15,0.0037867060587318106,11,1891
CEBPG,0.003776891389861703,10,1892
MCUR1,0.0037736071753897704,28,1893
RAB1A,0.0037708294602405083,19,1894
DPP3,0.003758099547121674,10,1895
POLR2J,0.003756702158716507,20,1896
DNAJC9,0.003754216729878233,13,1897
HSPA9,0.003753833269001916,18,1898
FAHD2A,0.0037519432265650144,11,1899
RAC1,0.0037442629982251674,56,1900
NDUFB7,0.003743182140897261,40,1901
FAM177A1,0.003738211568755408,15,1902
SMIM12,0.003738133151693126,13,1903
COQ8A,0.003735507989767939,10,1904
GTF2H5,0.0037307054613177713,19,1905
CD276,0.0037304388189857655,11,1906
BCAP29,0.003729858735683732,26,1907
OLA1,0.003727239940251986,22,1908
TRAM1,0.003725899199847705,13,1909
RER1,0.003719517439259851,22,1910
NMB,0.0037191862783705195,15,1911
ALG3,0.0037026997194446335,26,1912
PHKG2,0.003701593476580456,10,1913
NOP2,0.003690059952945872,11,1914
CWC15,0.003686497597733424,21,1915
EEF1D,0.0036830460467638495,39,1916
PDCD10,0.003680881214677356,14,1917
SCAND1,0.0036804341245442627,15,1918
EIF3I,0.0036792662616915487,29,1919
SYPL1,0.0036759668374933036,28,1920
TIPRL,0.0036700521780982276,22,1921
TMEM230,0.0036681503212700286,30,1922
FNTA,0.0036677176831290126,11,1923
KDELR1,0.0036647997124722074,48,1924
LAMTOR2,0.0036590440295791874,30,1925
ARL1,0.003658016837160925,17,1926
CHLSN,0.0036550022115738228,29,1927
HLTF,0.0036490561382379384,10,1928
CHCHD1,0.0036429121670232194,23,1929
HM13,0.0036391341515506306,21,1930
SLC25A1,0.003637221476406251,19,1931
SPINT1,0.003636889030329055,18,1932
GTF2I,0.003622180538844656,11,1933
RAB10,0.003620280357103588,18,1934
CHMP5,0.003617723850766197,14,1935
DNAJC2,0.0036107800435274838,25,1936
RSF1,0.00359999955773154,14,1937
TCEA1,0.0035987635894257223,42,1938
EIF4E2,0.003589374561622543,19,1939
PDXK,0.0035872220016446793,18,1940
FARSA,0.0035839972710660236,11,1941
SRPK1,0.0035657357768199985,21,1942
EPN1,0.0035621573424577946,16,1943
HEXB,0.0035614733261844288,13,1944
HIKESHI,0.00355998104152439,22,1945
ACBD3,0.003554404482680471,19,1946
TMEM106C,0.003551806460434039,14,1947
AAMDC,0.003550092577755165,13,1948
SSU72,0.0035491204080244643,32,1949
TMEM248,0.0035421226057223976,14,1950
SNRPE,0.0035399540573255056,45,1951
DHCR7,0.003539266197809151,21,1952
GON7,0.0035327101184520872,10,1953
UROS,0.0035292029120575857,17,1954
BAG5,0.003528235189151019,12,1955
SH3BGRL3,0.0035264552041718907,11,1956
POLR2H,0.0035246495564933865,20,1957
SLC35H1,0.0035186494351364672,10,1958
KDM6B,0.003517333167837933,10,1959
MRPS6,0.003515015595789569,13,1960
SMIM29,0.003504475714483609,12,1961
NECAB3,0.0034937715569797615,13,1962
PSME1,0.003486436908133328,13,1963
DUSP3,0.00347570876571505,12,1964
ERO1A,0.003474920551525429,10,1965
NDUFA5,0.0034695241580872485,36,1966
CTTN,0.0034688562419350174,11,1967
UQCRC1,0.0034680486511206253,20,1968
SCOC,0.0034668564941966904,10,1969
ICMT,0.003465097259322647,16,1970
TMEM208,0.003464138199342415,15,1971
EXOSC5,0.0034565380986102605,11,1972
TIMMDC1,0.0034522001195000486,20,1973
RRP7A,0.0034454195061698555,10,1974
MTCH1,0.0034449399229387104,46,1975
MRPL57,0.003444661881076172,15,1976
STK32C,0.0034336097804563387,14,1977
CMPK1,0.0034328479827805,11,1978
ARRDC1,0.003429320885334164,10,1979
YIPF6,0.0034264709684066474,10,1980
COA3,0.003426293687784652,19,1981
TMED2,0.0034228638938987965,44,1982
ACAT1,0.003410413092933595,15,1983
CHPF,0.003403240128439696,12,1984
HDHD3,0.0033962458255700767,10,1985
C11orf24,0.0033955267805140465,10,1986
EID1,0.0033937684929696843,12,1987
PRPSAP1,0.0033911176183859686,14,1988
GNB2,0.003390954119031844,69,1989
SELENOF,0.003380487637164501,13,1990
TIMM50,0.0033735075017570387,14,1991
RCN2,0.003367330730220096,18,1992
TMEM87A,0.0033666124334558846,25,1993
TMEM106B,0.003366146173972923,13,1994
SDF4,0.0033620586909819394,22,1995
PTGES3,0.003361840444591103,36,1996
DYRK4,0.0033597241748463025,11,1997
CHMP1B,0.0033565766527317463,10,1998
RDX,0.003346957506922384,15,1999
EMC7,0.0033448440954089165,16,2000
TM7SF3,0.0033345577128998495,17,2001
STEAP1,0.0033332622901070864,10,2002
TK1,0.0033325738259009086,16,2003
PDLIM7,0.003329282541843978,11,2004
BAIAP2,0.0033209416741395697,17,2005
BTF3L4,0.003317351672693246,31,2006
PPP2R1A,0.0032888351396347087,15,2007
TRAPPC1,0.0032887121890850654,13,2008
VMA21,0.003288655076175928,11,2009
RTF1,0.0032882985426113008,10,2010
SUMO2,0.0032826512083374837,64,2011
RNF187,0.0032749371059859794,15,2012
MRPL37,0.0032568400694379727,26,2013
MRPS33,0.0032549230535024484,19,2014
ITM2B,0.003244253551860436,29,2015
CRTAP,0.003224962496287411,21,2016
MCTS1,0.0032199791651995233,12,2017
ADISSP,0.0032135289155929866,18,2018
SLC66A3,0.003201804202175341,13,2019
GTPBP3,0.003201370849274099,10,2020
SNRPD3,0.0031996346850697273,23,2021
EXOSC7,0.0031920589866455307,11,2022
TSEN34,0.0031727971700092894,32,2023
RAD23A,0.003150663229462225,44,2024
SMARCA4,0.0031482138292631134,12,2025
COMMD2,0.0031393152114885326,14,2026
PSMG3,0.0031392766050933126,38,2027
NUDCD2,0.003134597870732912,11,2028
GTF2A2,0.003132024095167354,36,2029
MORN2,0.003125660187797621,25,2030
ANAPC13,0.0031089885470767815,15,2031
HAGH,0.0031039781509510553,12,2032
RTF2,0.003095896119842879,13,2033
GMPS,0.0030953998470471967,18,2034
RHOD,0.0030947834633192734,19,2035
LSM12,0.0030904205755527634,13,2036
SUCO,0.003084124970393112,13,2037
DTD1,0.003082160821317562,14,2038
OCIAD1,0.003062137820630927,11,2039
TMEM167B,0.003040292841615155,10,2040
TADA3,0.0030384272511582823,10,2041
PRDX3,0.003035670549143106,25,2042
DGAT2,0.0030301338410936296,18,2043
CUEDC2,0.00302080240693282,11,2044
NDRG2,0.0030206470226403328,10,2045
TECR,0.0030119848182752124,37,2046
SHARPIN,0.002989009621420077,14,2047
PPIF,0.002988910139538348,10,2048
TRIM11,0.002977133565846915,11,2049
FBXO2,0.0029738238688720308,23,2050
MAGOH,0.0029678475519176574,20,2051
PRMT1,0.002964180993491455,17,2052
FEZ2,0.002960649109445512,10,2053
LRRC42,0.002960196026833728,11,2054
WIPI1,0.0029550280932408688,13,2055
UFD1,0.0029443305551963435,11,2056
SEC11A,0.0029435287181210396,30,2057
PCBP1,0.002943103587116442,37,2058
RPL27,0.002932969484508278,31,2059
SYNGR1,0.0029317393782548606,16,2060
PCYT2,0.002919554756954312,10,2061
PSMD3,0.0029181102727307007,16,2062
ERI3,0.002903748204356388,17,2063
SDF2L1,0.002882370822286854,24,2064
SLBP,0.002878309483639896,10,2065
ING4,0.0028722900050607595,11,2066
MCRIP2,0.0028697950210698764,32,2067
PLOD3,0.0028615396429533856,13,2068
ESD,0.0028574994703376433,16,2069
MRPL48,0.0028461116685152606,27,2070
FDX1,0.0028417101784725673,16,2071
CYC1,0.002841156489654061,34,2072
GLT8D1,0.002833692653803155,10,2073
CKAP4,0.0028274583497217725,21,2074
VGLL4,0.002824800152059955,12,2075
CRELD2,0.002823325221050674,13,2076
MBOAT7,0.002814053227969756,12,2077
ARHGDIA,0.0028118271569837817,20,2078
TIMM8B,0.002808092787112717,23,2079
IFT25,0.002804575271015479,11,2080
RAD21,0.0027845004806295037,15,2081
TRIM27,0.002782113171633682,16,2082
PSMB2,0.002775070047041831,39,2083
BSPRY,0.002767932326109572,11,2084
PLOD1,0.002760413591749966,10,2085
YDJC,0.002751046997638276,13,2086
CALU,0.0027468573200476773,47,2087
AKR7A2,0.0027435836236691102,20,2088
ARPC5,0.0027270499547459902,13,2089
ADSL,0.002726218438640769,14,2090
NDUFB11,0.0027041253686713226,22,2091
TPBG,0.002686975143240908,13,2092
TMEM179B,0.002664504620234335,19,2093
LMAN1,0.0026641558044879087,29,2094
DDX39A,0.002648121346003161,13,2095
RBX1,0.0026424047944601627,20,2096
IL17RC,0.002639735054055398,11,2097
DHCR24,0.0026339187794032375,14,2098
SUN1,0.002619680215138942,15,2099
MYL12B,0.0026153851037949553,49,2100
ARL6IP5,0.0026046500825032126,16,2101
SPHK1,0.002592135495173612,14,2102
MESD,0.0025629336775567094,13,2103
MAGEF1,0.0025557267631833944,13,2104
TMEM263,0.0025376722963604457,12,2105
CMAS,0.0025210031686583533,30,2106
ZDHHC4,0.002515610588307027,20,2107
COPE,0.0025056544854305685,25,2108
MRPL13,0.0024806742180122194,28,2109
BUB3,0.002480171223093445,18,2110
NDUFA10,0.0024793176148944582,19,2111
PTDSS1,0.0024778226768830793,10,2112
STX10,0.0024438278924208134,12,2113
UBTD1,0.0024396288737824016,11,2114
RPL23A,0.0023928659976701493,27,2115
SORBS3,0.002378865424543619,10,2116
HAPSTR1,0.0023735874274279922,12,2117
C1orf122,0.0023678295443200375,14,2118
SMIM30,0.0023571603731917484,21,2119
CBR1,0.0023475450209595942,11,2120
GSTO2,0.0023247417200102723,11,2121
GCLM,0.0023192525629631496,11,2122
PTP4A1,0.0023106842754014698,13,2123
MDH1,0.0023105335168241126,35,2124
TAF12,0.0022919578530656345,11,2125
MZT2B,0.0022681744178823593,14,2126
PSMC2,0.0022569073353224667,16,2127
PLEKHB2,0.0022437640640418977,10,2128
PACSIN3,0.0022319720818712893,18,2129
DGUOK,0.002231601951419949,26,2130
PIM3,0.0022096122889446895,14,2131
SUMF2,0.002196306627328423,11,2132
DDA1,0.002180083794519305,10,2133
ATP6V1D,0.0021793601335957646,10,2134
STMP1,0.002164635726200816,28,2135
IQCE,0.002148876465590937,14,2136
CD47,0.0021413337319819746,19,2137
PAIP1,0.0021354794651935144,28,2138
SPRYD7,0.002135269931750372,10,2139
ATG101,0.0021337605139706284,10,2140
HSBP1L1,0.0020999529709418616,15,2141
AP3S1,0.002085417307997969,11,2142
SNRPA1,0.0020517030614428224,10,2143
DMAC1,0.0020464543777052313,12,2144
TMEM50A,0.002014638059439936,35,2145
CISD1,0.002006192259224398,21,2146
TBCB,0.001994345849379897,20,2147
PTGES2,0.0019572295925833964,11,2148
PFKP,0.0019491116448383157,12,2149
LGMN,0.0019424677069764585,10,2150
MRM2,0.0019398251490201801,10,2151
CAPZA2,0.0019282255463102566,14,2152
NEDD8,0.0019189318358574224,23,2153
SREBF1,0.0018604567449074239,10,2154
TSR3,0.0018513795595416532,14,2155
GMCL1,0.0018301412492292002,16,2156
DIABLO,0.001820412406232208,12,2157
TXNDC12,0.0017391540584087903,14,2158
PDLIM4,0.001692375575657934,11,2159
HSBP1,0.0016181179514835374,39,2160
SINHCAF,0.001583121944609697,14,2161
LYPLA2,0.0015508604643400758,10,2162
POLD3,0.0013924356317147613,10,2163
STARD3NL,0.0010850892693269997,10,2164
